pathway,npi,name,state,cert_year,in_model_baseline
ABOG (OB/GYN),1770710915,ALISON PARDEN,AL,2015,TRUE
ABOG (OB/GYN),1205957404,BRENT PARNELL,AL,2011,TRUE
ABOG (OB/GYN),1639117526,CHARLES HANES,AL,1981,TRUE
ABOG (OB/GYN),1568665552,DAVID ELLINGTON,AL,2012,TRUE
ABOG (OB/GYN),1578586798,GEORGE FAHY,AL,1999,TRUE
ABOG (OB/GYN),1083649727,HOLLY RICHTER,AL,1998,TRUE
ABOG (OB/GYN),1023243409,ISUZU MEYER,AL,2016,TRUE
ABOG (OB/GYN),1740324086,JAMES HEAD,AL,1995,TRUE
ABOG (OB/GYN),1508848540,KARI KUBIK,AL,2006,TRUE
ABOG (OB/GYN),1144244005,R. VARNER,AL,1986,TRUE
ABOG (OB/GYN),1710566187,WILLIAM MOORE,AL,1992,TRUE
ABOG (OB/GYN),1023090073,CURT MISKO,AR,2004,TRUE
ABOG (OB/GYN),1659766731,JASON HURT,AR,2011,TRUE
ABOG (OB/GYN),1659348498,KEVIN BRENIMAN,AR,2003,TRUE
ABOG (OB/GYN),1316263866,PATRICK LANG,AR,2018,TRUE
ABOG (OB/GYN),1205032281,SALLIE OLIPHANT,AR,2015,TRUE
ABOG (OB/GYN),1891996823,SUSAN BARR,AR,2010,TRUE
ABOG (OB/GYN),1992953541,AHMED AKL,AZ,2014,TRUE
ABOG (OB/GYN),1881810224,ALI AZADI,AZ,2012,TRUE
ABOG (OB/GYN),1225357395,DANIEL STONE,AZ,2019,TRUE
ABOG (OB/GYN),1194717991,FELIPE VIDELA,AZ,1999,TRUE
ABOG (OB/GYN),1730150582,ILANA ADDIS,AZ,2005,TRUE
ABOG (OB/GYN),1083808265,JENNIFER KLAUSCHIE,AZ,2013,TRUE
ABOG (OB/GYN),1922082973,JOHN HEUSINKVELD,AZ,2006,TRUE
ABOG (OB/GYN),1821243635,JOHNNY YI,AZ,2014,TRUE
ABOG (OB/GYN),1851599724,KELLY KANTARTZIS,AZ,2016,TRUE
ABOG (OB/GYN),1639321284,KERI WONG,AZ,2013,TRUE
ABOG (OB/GYN),1326169699,KRISTINA BUTLER,AZ,2013,TRUE
ABOG (OB/GYN),1417947474,LEE KOON,AZ,2003,TRUE
ABOG (OB/GYN),1295785913,LISA JAACKS,AZ,2008,TRUE
ABOG (OB/GYN),1154388171,MOHAMED AKL,AZ,2009,TRUE
ABOG (OB/GYN),1316939101,PAUL MARSHBURN,AZ,1996,TRUE
ABOG (OB/GYN),1558376137,PHILIP BASALA,AZ,1993,TRUE
ABOG (OB/GYN),1689668493,RYAN STRATFORD,AZ,2008,TRUE
ABOG (OB/GYN),1700934593,SHAZIA MALIK,AZ,2006,TRUE
ABOG (OB/GYN),1891080784,ABIGAIL SHATKIN-MARGOLIS,CA,2019,TRUE
ABOG (OB/GYN),1912934886,ABNER KORN,CA,1991,TRUE
ABOG (OB/GYN),1265708655,ALDENE ZENO,CA,2017,TRUE
ABOG (OB/GYN),1407998164,ALEXANDRA HAESSLER,CA,2006,TRUE
ABOG (OB/GYN),1952545220,ALEXIS KIMBLE,CA,2018,TRUE
ABOG (OB/GYN),1528132560,AMANDA SIMSIMAN,CA,2001,TRUE
ABOG (OB/GYN),1346661915,AMY GEORGE,CA,2012,TRUE
ABOG (OB/GYN),1376643361,AMY ROSENMAN,CA,1985,TRUE
ABOG (OB/GYN),1386657039,ANDREW CASSIDENTI,CA,1991,TRUE
ABOG (OB/GYN),1922307123,ANDREY PETRIKOVETS,CA,2017,TRUE
ABOG (OB/GYN),1104956408,ANNA FRICK,CA,2011,TRUE
ABOG (OB/GYN),1942449558,ANTHONY GADDI,CA,2015,TRUE
ABOG (OB/GYN),1790179661,ANUBHAV AGRAWAL,CA,2018,TRUE
ABOG (OB/GYN),1104859164,ARAM BONNI,CA,2000,TRUE
ABOG (OB/GYN),1508022781,AZADEH REZVAN,CA,2013,TRUE
ABOG (OB/GYN),1124280581,BENJAMIN STEINBERG,CA,2010,TRUE
ABOG (OB/GYN),1023151115,BERTHA CHEN,CA,1997,TRUE
ABOG (OB/GYN),1770865305,BHUMY HELIKER,CA,2015,TRUE
ABOG (OB/GYN),1679554372,BRANISLAV CIZMAR,CA,2006,TRUE
ABOG (OB/GYN),1396704078,BRUCE KAHN,CA,1999,TRUE
ABOG (OB/GYN),1720353808,BRYAN HILL,CA,2015,TRUE
ABOG (OB/GYN),1629177449,CECILIA WIESLANDER,CA,2008,TRUE
ABOG (OB/GYN),1669405478,CHARLES NAGER,CA,1988,TRUE
ABOG (OB/GYN),1932391885,CHRISTINA DANCZ,CA,2010,TRUE
ABOG (OB/GYN),1588448518,CHRISTINA TRUONG,CA,2014,TRUE
ABOG (OB/GYN),1679899629,CHRISTINE HORTON,CA,2015,TRUE
ABOG (OB/GYN),1316688708,CHRISTOPHER CHUNG,CA,2011,TRUE
ABOG (OB/GYN),1780619221,CHRISTOPHER TARNAY,CA,2002,TRUE
ABOG (OB/GYN),1427293125,DARLENE MORRISSEY,CA,2015,TRUE
ABOG (OB/GYN),1447244868,DAVID KIMBLE,CA,1998,TRUE
ABOG (OB/GYN),1538247184,DIANE SKLAR,CA,1985,TRUE
ABOG (OB/GYN),1124006044,DIANE THOMAS,CA,2016,TRUE
ABOG (OB/GYN),1205912847,ELIAS MOUKARZEL,CA,2002,TRUE
ABOG (OB/GYN),1568492759,EMAD HASHEMI,CA,2011,TRUE
ABOG (OB/GYN),1750339446,EMILY LUKACZ,CA,2004,TRUE
ABOG (OB/GYN),1871519694,EMILY WHITCOMB,CA,2010,TRUE
ABOG (OB/GYN),1700881653,ENE GEORGE,CA,2006,TRUE
ABOG (OB/GYN),1508911538,ERIC SOKOL,CA,2005,TRUE
ABOG (OB/GYN),1720240328,ERIN MELLANO,CA,2015,TRUE
ABOG (OB/GYN),1962582098,FELICIA LANE,CA,2004,TRUE
ABOG (OB/GYN),1326126145,FELIX AJAYI,CA,1996,TRUE
ABOG (OB/GYN),1801974985,G. QIDWAI,CA,2008,TRUE
ABOG (OB/GYN),1487851705,GOURI DIWADKAR,CA,2009,TRUE
ABOG (OB/GYN),1215163472,GREGORY KANTER,CA,2014,TRUE
ABOG (OB/GYN),1023512373,HEIDI CHEN,CA,2012,TRUE
ABOG (OB/GYN),1154631273,HUSSEIN WARDA,CA,2017,TRUE
ABOG (OB/GYN),1912081134,JANINE JENSEN,CA,1995,TRUE
ABOG (OB/GYN),1275678294,JASMINE TAN-KIM,CA,2012,TRUE
ABOG (OB/GYN),1861512592,JEAN PARK,CA,2009,TRUE
ABOG (OB/GYN),1447364062,JEFFREY HARDESTY,CA,1987,TRUE
ABOG (OB/GYN),1174601801,JENNIFER CHOE,CA,1999,TRUE
ABOG (OB/GYN),1316194830,JENNIFER HALLOCK,CA,2015,TRUE
ABOG (OB/GYN),1386676294,JENNIFER LEE,CA,2006,TRUE
ABOG (OB/GYN),1902122443,JEREMY CLARK,CA,2013,TRUE
ABOG (OB/GYN),1922397256,JESSICA ZIGMAN,CA,2017,TRUE
ABOG (OB/GYN),1265607204,JILL HALL,CA,2010,TRUE
ABOG (OB/GYN),1740351642,JOANNE PACE,CA,1998,TRUE
ABOG (OB/GYN),1104851443,JOCELYN CRAIG,CA,2011,TRUE
ABOG (OB/GYN),1932406394,JOHN KLUTKE,CA,1995,TRUE
ABOG (OB/GYN),1740351790,JUN IHARA,CA,1989,TRUE
ABOG (OB/GYN),1831398700,JUNCHAN YUNE,CA,2010,TRUE
ABOG (OB/GYN),1740768571,JUSTIN LEE,CA,2014,TRUE
ABOG (OB/GYN),1376989392,KARA DE WINTER,CA,2018,TRUE
ABOG (OB/GYN),1306102520,KATHERINE VOLPE,CA,2018,TRUE
ABOG (OB/GYN),1235674177,KATHLEEN CHIN,CA,2012,TRUE
ABOG (OB/GYN),1033347315,KAVITA MISHRA,CA,2014,TRUE
ABOG (OB/GYN),1467666388,KEISHA DYER,CA,2010,TRUE
ABOG (OB/GYN),1437218146,KENNETH GRIFFIS,CA,1989,TRUE
ABOG (OB/GYN),1801974977,KENNETH GRULLON,CA,1997,TRUE
ABOG (OB/GYN),1891862629,KENNETH SU,CA,1999,TRUE
ABOG (OB/GYN),1225103831,KERRIE ADAMS,CA,2013,TRUE
ABOG (OB/GYN),1942468830,KIMBERLY FERRANTE,CA,2015,TRUE
ABOG (OB/GYN),1184044182,KIMIA MENHAJI,CA,2020,TRUE
ABOG (OB/GYN),1245573039,KRISTEN BUONO,CA,2019,TRUE
ABOG (OB/GYN),1497834964,LANCE BETSON,CA,2005,TRUE
ABOG (OB/GYN),1003097692,LAURA SKOCZYLAS,CA,2014,TRUE
ABOG (OB/GYN),1104089655,LAUREN CADISH,CA,2014,TRUE
ABOG (OB/GYN),1114964202,LAWRENCE LIN,CA,2005,TRUE
ABOG (OB/GYN),1275637290,LEANNE KON,CA,2010,TRUE
ABOG (OB/GYN),1205924883,LILIA PACINI,CA,2006,TRUE
ABOG (OB/GYN),1053385195,LINDA BRUBAKER,CA,1991,TRUE
ABOG (OB/GYN),1750452736,LISA AGUSTINES,CA,2001,TRUE
ABOG (OB/GYN),1962660167,LISA ROGO-GUPTA,CA,2013,TRUE
ABOG (OB/GYN),1841452281,MARGARITA APONTE,CA,2014,TRUE
ABOG (OB/GYN),1033266879,MARIANN ALPERIN,CA,2010,TRUE
ABOG (OB/GYN),1346278587,MARLON BROOKS,CA,1993,TRUE
ABOG (OB/GYN),1952417339,MATTHEW CLARK,CA,2003,TRUE
ABOG (OB/GYN),1275013468,MELANIE SANTOS,CA,2012,TRUE
ABOG (OB/GYN),1043502677,MELISSA DAWSON,CA,2016,TRUE
ABOG (OB/GYN),1124176953,MICHAEL GLEESON,CA,2005,TRUE
ABOG (OB/GYN),1780844522,MICHAEL MARGOLIS,CA,1994,TRUE
ABOG (OB/GYN),1548294093,MICHAEL OSHAUGHNESSY,CA,1995,TRUE
ABOG (OB/GYN),1457422347,MICHAEL WEINBERGER,CA,1995,TRUE
ABOG (OB/GYN),1437334232,MICHELINE WONG,CA,2009,TRUE
ABOG (OB/GYN),1134179138,MICHELLE MORRILL,CA,2008,TRUE
ABOG (OB/GYN),1881896850,MICHELLE TAKASE-SANCHEZ,CA,2008,TRUE
ABOG (OB/GYN),1326016114,MIKIO NIHIRA,CA,2002,TRUE
ABOG (OB/GYN),1972714954,MINITA PATEL,CA,2010,TRUE
ABOG (OB/GYN),1497147805,MORGAN FULLERTON,CA,2021,TRUE
ABOG (OB/GYN),1790173292,MY-LINH NGUYEN,CA,2019,TRUE
ABOG (OB/GYN),1316014129,MYUNGHI RENSLO,CA,1994,TRUE
ABOG (OB/GYN),1891055075,NEHA SUDOL,CA,2017,TRUE
ABOG (OB/GYN),1710039185,NGUYEN NGUYEN,CA,2002,TRUE
ABOG (OB/GYN),1205914041,NICOLE BUSCAGLIA,CA,2006,TRUE
ABOG (OB/GYN),1295802296,NOELANI GUADERRAMA,CA,2006,TRUE
ABOG (OB/GYN),1881850568,OLGA RAMM,CA,2011,TRUE
ABOG (OB/GYN),1881936862,OLIVIA CHANG,CA,2021,TRUE
ABOG (OB/GYN),1669559597,PADMA MALLIPEDDI,CA,2001,TRUE
ABOG (OB/GYN),1629162995,PATRICIA WALLACE,CA,2005,TRUE
ABOG (OB/GYN),1164521035,PETER CASTILLO,CA,2013,TRUE
ABOG (OB/GYN),1023469079,PRIYANKA HALANI,CA,2018,TRUE
ABOG (OB/GYN),1144397035,RAMIN BIZHANG,CA,2008,TRUE
ABOG (OB/GYN),1124148937,REBECCA MARGULIES,CA,2007,TRUE
ABOG (OB/GYN),1043263130,ROBIN WOOD,CA,1996,TRUE
ABOG (OB/GYN),1699714626,SALIM WEHBE,CA,2008,TRUE
ABOG (OB/GYN),1831167162,SAM HESSAMI,CA,1999,TRUE
ABOG (OB/GYN),1336207844,SAM SIDDIGHI,CA,2011,TRUE
ABOG (OB/GYN),1346392719,SANDRA CROWDER,CA,1993,TRUE
ABOG (OB/GYN),1346204153,SANDRA GRECO,CA,1997,TRUE
ABOG (OB/GYN),1609824481,SARGON BEBLA,CA,2002,TRUE
ABOG (OB/GYN),1447323092,SAVITHA KRISHNAN,CA,2002,TRUE
ABOG (OB/GYN),1891175436,SEAN SPECTOR,CA,2021,TRUE
ABOG (OB/GYN),1154555340,SESHADRI KASTURI,CA,2012,TRUE
ABOG (OB/GYN),1588767016,SHARON JAKUS-WALDMAN,CA,2007,TRUE
ABOG (OB/GYN),1538195367,SHARON KNIGHT,CA,2001,TRUE
ABOG (OB/GYN),1750439550,SHAWN MENEFEE,CA,1998,TRUE
ABOG (OB/GYN),1932154580,SHERRY THOMAS,CA,1991,TRUE
ABOG (OB/GYN),1891779369,STACEY WALLACH,CA,2004,TRUE
ABOG (OB/GYN),1568812360,STEPHANIE HANDLER,CA,2020,TRUE
ABOG (OB/GYN),1639353279,SUJATHA PATHI,CA,2014,TRUE
ABOG (OB/GYN),1235235870,SUKYIN SIT,CA,2003,TRUE
ABOG (OB/GYN),1063611762,TAMARA GRISALES,CA,2015,TRUE
ABOG (OB/GYN),1952382756,TANAZ FERZANDI,CA,2007,TRUE
ABOG (OB/GYN),1821304882,TAYLOR BRUESEKE,CA,2015,TRUE
ABOG (OB/GYN),1437181369,THINH DUONG,CA,2003,TRUE
ABOG (OB/GYN),1710138045,VANESSA SUN,CA,2012,TRUE
ABOG (OB/GYN),1518126317,VARUNA RAIZADA,CA,2014,TRUE
ABOG (OB/GYN),1942211552,VICTOR MONEKE,CA,2003,TRUE
ABOG (OB/GYN),1740513522,WASEEM KHODER,CA,2012,TRUE
ABOG (OB/GYN),1144205634,WESLEY HILGER,CA,2008,TRUE
ABOG (OB/GYN),1265403463,WILLIAM WARNER,CA,2008,TRUE
ABOG (OB/GYN),1528143203,XIUFEN DING,CA,2006,TRUE
ABOG (OB/GYN),1366822025,YOKO BEAN,CA,2019,TRUE
ABOG (OB/GYN),1477819647,YUFAN CHEN,CA,2019,TRUE
ABOG (OB/GYN),1740509728,ZAID CHAUDHRY,CA,2018,TRUE
ABOG (OB/GYN),1134207046,ZHIYUH CHANG,CA,2010,TRUE
ABOG (OB/GYN),1790997443,ALEXANDER SHAPIRO,CO,2008,TRUE
ABOG (OB/GYN),1326204207,ALISON TATE,CO,2012,TRUE
ABOG (OB/GYN),1275574329,ANDREW MCBRIDE,CO,2006,TRUE
ABOG (OB/GYN),1619974318,BRIAN NELSON,CO,2004,TRUE
ABOG (OB/GYN),1669430716,BRUCE DORR,CO,1996,TRUE
ABOG (OB/GYN),1447477864,CAMILLE CALDERWOOD,CO,2009,TRUE
ABOG (OB/GYN),1568456622,DOUGLAS LEACH,CO,2006,TRUE
ABOG (OB/GYN),1841266616,JAMES LUKBAN,CO,1999,TRUE
ABOG (OB/GYN),1518094549,JEFFREY KERR-LAYTON,CO,2000,TRUE
ABOG (OB/GYN),1811978281,JOHN CRANE,CO,1994,TRUE
ABOG (OB/GYN),1841288768,KATHLEEN CONNELL,CO,2004,TRUE
ABOG (OB/GYN),1669414843,KRISTINELL KEIL,CO,1998,TRUE
ABOG (OB/GYN),1144489972,LAUREN RASCOFF,CO,2013,TRUE
ABOG (OB/GYN),1750593448,MARSHA GUESS,CO,2005,TRUE
ABOG (OB/GYN),1477651719,OSCAR AGUIRRE,CO,2004,TRUE
ABOG (OB/GYN),1346355807,PEDRO MIRANDA-SEIJO,CO,1997,TRUE
ABOG (OB/GYN),1598793135,ROBERT HAMMER,CO,1998,TRUE
ABOG (OB/GYN),1699882654,SHYAMSUNDER HATANGADI,CO,2000,TRUE
ABOG (OB/GYN),1720240104,SYBIL DESSIE,CO,2013,TRUE
ABOG (OB/GYN),1124042346,TERRY DUNN,CO,1994,TRUE
ABOG (OB/GYN),1689603763,TYLER MUFFLY,CO,2012,TRUE
ABOG (OB/GYN),1295780484,ADAM STEINBERG,CT,2007,TRUE
ABOG (OB/GYN),1437131760,AMI ACHARYA,CT,2007,TRUE
ABOG (OB/GYN),1922311307,ANDREA RUSSO,CT,2017,TRUE
ABOG (OB/GYN),1083811186,ANNA PILZEK,CT,2014,TRUE
ABOG (OB/GYN),1265545081,CHRISTINE LASALA,CT,1999,TRUE
ABOG (OB/GYN),1043432123,ELENA TUNITSKY-BITTON,CT,2012,TRUE
ABOG (OB/GYN),1811330699,ELISABETH SAPPENFIELD,CT,2020,TRUE
ABOG (OB/GYN),1114007770,KATHERINE SANDHU,CT,2009,TRUE
ABOG (OB/GYN),1467467324,LINDA FAN,CT,2009,TRUE
ABOG (OB/GYN),1316350473,NANCY RINGEL,CT,2019,TRUE
ABOG (OB/GYN),1982791505,OZ HARMANLI,CT,1997,TRUE
ABOG (OB/GYN),1619074911,PAUL TULIKANGAS,CT,2003,TRUE
ABOG (OB/GYN),1427404193,PHILLIP SMITH,CT,1990,TRUE
ABOG (OB/GYN),1205834363,RAUL MENDELOVICI,CT,1996,TRUE
ABOG (OB/GYN),1942298013,RICHARD BERCIK,CT,1989,TRUE
ABOG (OB/GYN),1962849703,SARAH ANDIMAN,CT,2020,TRUE
ABOG (OB/GYN),1720066467,STEPHEN CAROLAN,CT,1990,TRUE
ABOG (OB/GYN),1356631998,TANIA SIERRA,CT,2018,TRUE
ABOG (OB/GYN),1730153743,ANDREW SOKOL,DC,2005,TRUE
ABOG (OB/GYN),1316059603,TATIANA SANSES,DC,2010,TRUE
ABOG (OB/GYN),1184705501,BABAK VAKILI,DE,2005,TRUE
ABOG (OB/GYN),1780812586,AIMEE TIEU,FL,2012,TRUE
ABOG (OB/GYN),1386842136,AMIR SHARIATI,FL,2009,TRUE
ABOG (OB/GYN),1801951868,ARASH RAHI,FL,2011,TRUE
ABOG (OB/GYN),1093926396,CAREY ANDREOIU,FL,2015,TRUE
ABOG (OB/GYN),1639193923,CARLOS MEDINA,FL,1996,TRUE
ABOG (OB/GYN),1174536395,CATHERINE LYNCH,FL,1996,TRUE
ABOG (OB/GYN),1134214802,CHRISTIAN QUINTERO,FL,2008,TRUE
ABOG (OB/GYN),1881213999,CHRISTOPHER WALKER,FL,2005,TRUE
ABOG (OB/GYN),1598460818,EDUARDO MARTINEZ,FL,2015,TRUE
ABOG (OB/GYN),1669001962,ELIZABETH BABIN,FL,2005,TRUE
ABOG (OB/GYN),1033174644,EMILIO GOMEZ-MADRAZO,FL,1981,TRUE
ABOG (OB/GYN),1174782635,ERIC HURTADO,FL,2007,TRUE
ABOG (OB/GYN),1114074101,GREGORY BAILEY,FL,1992,TRUE
ABOG (OB/GYN),1598727034,GUILLERMO DAVILA,FL,1989,TRUE
ABOG (OB/GYN),1639148331,JAMES FLAHERTY,FL,1984,TRUE
ABOG (OB/GYN),1548278245,JAMES RADERS,FL,1987,TRUE
ABOG (OB/GYN),1306916580,JASON THOMPSON,FL,2001,TRUE
ABOG (OB/GYN),1760758411,JEFFREY SCHACHAR,FL,2017,TRUE
ABOG (OB/GYN),1134328495,JENNIFER POLLAK,FL,2005,TRUE
ABOG (OB/GYN),1649536731,JESSICA HEFT,FL,2017,TRUE
ABOG (OB/GYN),1720001852,JULIE SCHNEIDER,FL,1999,TRUE
ABOG (OB/GYN),1619051075,KATHY JONES,FL,1997,TRUE
ABOG (OB/GYN),1184186256,LAURA MARTIN,FL,2017,TRUE
ABOG (OB/GYN),1336582675,LAURA TELLECHEA,FL,2020,TRUE
ABOG (OB/GYN),1174518401,LEE EPSTEIN,FL,2012,TRUE
ABOG (OB/GYN),1417995465,LENNOX HOYTE,FL,2001,TRUE
ABOG (OB/GYN),1659633972,LINDSAY KISSANE,FL,2017,TRUE
ABOG (OB/GYN),1457604738,LINDSEY HAHN,FL,2015,TRUE
ABOG (OB/GYN),1982834032,MARIANA BUBUCEA,FL,2011,TRUE
ABOG (OB/GYN),1336216704,MARJA SPROCK,FL,1999,TRUE
ABOG (OB/GYN),1053350199,MICHAEL DOUSO,FL,1989,TRUE
ABOG (OB/GYN),1861457483,MOISES VIRELLES,FL,1990,TRUE
ABOG (OB/GYN),1437348422,MONA MCCULLOUGH,FL,2012,TRUE
ABOG (OB/GYN),1285636779,MORRIS SILVER,FL,1993,TRUE
ABOG (OB/GYN),1114125051,NATHAN KOW,FL,2014,TRUE
ABOG (OB/GYN),1215340336,OLIVIA CARDENAS-TROWERS,FL,2019,TRUE
ABOG (OB/GYN),1356385918,PETER KHAMVONGSA,FL,1997,TRUE
ABOG (OB/GYN),1235399130,RENEE BASSALY,FL,2012,TRUE
ABOG (OB/GYN),1265497663,SAMUEL DEL RIO,FL,2001,TRUE
ABOG (OB/GYN),1346406345,SARAH ST. LOUIS,FL,2016,TRUE
ABOG (OB/GYN),1467427633,STEVEN GOLDWASSER,FL,2002,TRUE
ABOG (OB/GYN),1639127103,STUART HART,FL,2004,TRUE
ABOG (OB/GYN),1962499426,SUJATA YAVAGAL,FL,2007,TRUE
ABOG (OB/GYN),1013350743,TANYA HOKE,FL,2018,TRUE
ABOG (OB/GYN),1295707230,TAREK GARAS,FL,2003,TRUE
ABOG (OB/GYN),1689619553,THOMAS MECHAS,FL,1993,TRUE
ABOG (OB/GYN),1134548381,VERONICA DEMTCHOUK,FL,2019,TRUE
ABOG (OB/GYN),1386633428,VIRGIL DAVILA,FL,1994,TRUE
ABOG (OB/GYN),1194081422,ALEXCIS FORD,GA,2018,TRUE
ABOG (OB/GYN),1912063728,BARBARA HENLEY,GA,2011,TRUE
ABOG (OB/GYN),1538213111,BARRY SCHLAFSTEIN,GA,1993,TRUE
ABOG (OB/GYN),1902823784,CARLA CRAWFORD,GA,1999,TRUE
ABOG (OB/GYN),1528328556,DAVID LOVEJOY,GA,2018,TRUE
ABOG (OB/GYN),1366451478,DEBORAH KARP,GA,2007,TRUE
ABOG (OB/GYN),1710955141,FELICIA RHANEY,GA,2012,TRUE
ABOG (OB/GYN),1912936758,FOLUSHO TUGBIYELE,GA,2009,TRUE
ABOG (OB/GYN),1033264098,GINA NORTHINGTON,GA,2010,TRUE
ABOG (OB/GYN),1043250269,JAMES HALEY,GA,1996,TRUE
ABOG (OB/GYN),1780904896,JANA ILLSTON,GA,2017,TRUE
ABOG (OB/GYN),1851471486,JASON BAILEY,GA,2006,TRUE
ABOG (OB/GYN),1205152154,JENNIFER LANZER,GA,2016,TRUE
ABOG (OB/GYN),1477834398,JESSICA HARROCHE,GA,2015,TRUE
ABOG (OB/GYN),1982730032,JOHN MIKLOS,GA,1997,TRUE
ABOG (OB/GYN),1578592135,JOSEPH STUBBS,GA,1999,TRUE
ABOG (OB/GYN),1447418843,JOYE LOWMAN,GA,2010,TRUE
ABOG (OB/GYN),1821048653,KEVIN WINDOM,GA,2001,TRUE
ABOG (OB/GYN),1710976048,LASONYA ROBERTS-LOPEZ,GA,2007,TRUE
ABOG (OB/GYN),1336143031,MICHAEL HEIT,GA,1996,TRUE
ABOG (OB/GYN),1821105073,MICHAEL LITREL,GA,1999,TRUE
ABOG (OB/GYN),1508155268,NICKLAUS RICE,GA,2013,TRUE
ABOG (OB/GYN),1033314422,PEAHEN GANDHI,GA,2010,TRUE
ABOG (OB/GYN),1730179805,PETER MANN,GA,1993,TRUE
ABOG (OB/GYN),1235173964,R. RAYBON,GA,1999,TRUE
ABOG (OB/GYN),1215035407,RITA SHARMA,GA,2003,TRUE
ABOG (OB/GYN),1518093673,ROBERT MOORE,GA,2003,TRUE
ABOG (OB/GYN),1154587020,SANA ANSARI,GA,2016,TRUE
ABOG (OB/GYN),1194475749,SARAH HUBER,GA,2017,TRUE
ABOG (OB/GYN),1881610319,SHOBHA RAO,GA,1991,TRUE
ABOG (OB/GYN),1619310984,SHWETA DESAI,GA,2019,TRUE
ABOG (OB/GYN),1407849722,STEPHANIE GORDON,GA,2003,TRUE
ABOG (OB/GYN),1235398587,VINCENT SCOTT,GA,1988,TRUE
ABOG (OB/GYN),1912268814,ALLEN MEHR,HI,2017,TRUE
ABOG (OB/GYN),1063464089,BILAL KAAKI,IA,2008,TRUE
ABOG (OB/GYN),1225022486,CATHERINE BRADLEY,IA,2003,TRUE
ABOG (OB/GYN),1255362265,CHARLES DEBRAH,IA,2001,TRUE
ABOG (OB/GYN),1336147693,EARLE PESCATORE,IA,1996,TRUE
ABOG (OB/GYN),1487975918,JOSEPH KOWALSKI,IA,2015,TRUE
ABOG (OB/GYN),1407168305,KIMBERLY KENNE,IA,2016,TRUE
ABOG (OB/GYN),1487654695,MICHAEL WOODS,IA,1991,TRUE
ABOG (OB/GYN),1699760223,STEPHANIE MORGAN,IA,2004,TRUE
ABOG (OB/GYN),1417055641,STEPHEN FELTZ,IA,1997,TRUE
ABOG (OB/GYN),1467718932,JENNIFER LILLEMON,ID,2017,TRUE
ABOG (OB/GYN),1508899311,ABRAHAM SHASHOUA,IL,1998,TRUE
ABOG (OB/GYN),1275704256,ADAM GAFNI-KANE,IL,2013,TRUE
ABOG (OB/GYN),1699086504,ALIX KOMAR,IL,2015,TRUE
ABOG (OB/GYN),1831209584,BAMIDELE OGUNLEYE,IL,2006,TRUE
ABOG (OB/GYN),1386654408,BRETT VASSALLO,IL,2004,TRUE
ABOG (OB/GYN),1700146826,CAROL BRETSCHNEIDER,IL,2021,TRUE
ABOG (OB/GYN),1194844019,CHRISTINA LEWICKY-GAUPP,IL,2007,TRUE
ABOG (OB/GYN),1497871792,CYNTHIA BRINCAT,IL,2009,TRUE
ABOG (OB/GYN),1790873016,DAVID SCHLEICHER,IL,1993,TRUE
ABOG (OB/GYN),1245263169,DENISE FURLONG,IL,2005,TRUE
ABOG (OB/GYN),1821087669,DENISE POULOS,IL,1995,TRUE
ABOG (OB/GYN),1427379221,DIANNE GLASS,IL,2016,TRUE
ABOG (OB/GYN),1568672160,FARNAZ GANJ,IL,2010,TRUE
ABOG (OB/GYN),1215042205,GERMAN CALONJE,IL,2014,TRUE
ABOG (OB/GYN),1265494041,JANET TOMEZSKO,IL,1998,TRUE
ABOG (OB/GYN),1003915968,JAY-JAMES MILLER,IL,2009,TRUE
ABOG (OB/GYN),1285887711,JING QIAO,IL,2013,TRUE
ABOG (OB/GYN),1215916093,JOSHUA CROLAND,IL,2004,TRUE
ABOG (OB/GYN),1831465806,JULIA GEYNISMAN-TAN,IL,2017,TRUE
ABOG (OB/GYN),1659547859,JURAJ LETKO,IL,2015,TRUE
ABOG (OB/GYN),1164711537,KATARZYNA BOCHENSKA,IL,2017,TRUE
ABOG (OB/GYN),1760718548,KELLY JIRSCHELE,IL,2012,TRUE
ABOG (OB/GYN),1629042759,KIMBERLY KENTON,IL,2003,TRUE
ABOG (OB/GYN),1275823296,KRISTIN JACOBS,IL,2016,TRUE
ABOG (OB/GYN),1114120490,LEON PLOWRIGHT,IL,2021,TRUE
ABOG (OB/GYN),1467715938,LOPA PANDYA,IL,2017,TRUE
ABOG (OB/GYN),1346570405,MARGARET MUELLER,IL,2015,TRUE
ABOG (OB/GYN),1073597894,MARKO JACHTOROWYCZ,IL,1994,TRUE
ABOG (OB/GYN),1700998366,MICHAEL NOONE,IL,1994,TRUE
ABOG (OB/GYN),1104928498,NAHLA MERHI,IL,2004,TRUE
ABOG (OB/GYN),1609294438,OLUWATENIOLA BROWN,IL,2019,TRUE
ABOG (OB/GYN),1669450011,ROBERTA BLANDON,IL,2004,TRUE
ABOG (OB/GYN),1285733139,ROGER GOLDBERG,IL,2004,TRUE
ABOG (OB/GYN),1831125749,SANDRA VALAITIS,IL,1995,TRUE
ABOG (OB/GYN),1821149238,SANJAY GANDHI,IL,2006,TRUE
ABOG (OB/GYN),1932565702,SARAH COLLINS,IL,2009,TRUE
ABOG (OB/GYN),1427067990,SEAN GEORGE,IL,1997,TRUE
ABOG (OB/GYN),1063425965,SHAMEEM ABBASY,IL,2009,TRUE
ABOG (OB/GYN),1508181140,SHILPA IYER,IL,2017,TRUE
ABOG (OB/GYN),1992770101,SOHAIL SIDDIQUE,IL,2007,TRUE
ABOG (OB/GYN),1841599255,SONIA DUTTA,IL,2016,TRUE
ABOG (OB/GYN),1396992400,SONYA EPHRAIM,IL,2014,TRUE
ABOG (OB/GYN),1285880757,THYTHY PHAM,IL,2012,TRUE
ABOG (OB/GYN),1821159856,TODD ALBRIGHT,IL,2002,TRUE
ABOG (OB/GYN),1023007887,WILLIAM KOBAK,IL,1996,TRUE
ABOG (OB/GYN),1225233489,AUSTIN HILL,IN,2021,TRUE
ABOG (OB/GYN),1093966269,BRENT SUOZZI,IN,2015,TRUE
ABOG (OB/GYN),1659613818,CHRISTINE PAN,IN,2019,TRUE
ABOG (OB/GYN),1154345775,CINDY BASINSKI,IN,2002,TRUE
ABOG (OB/GYN),1437235645,CONSTANTINE SCORDALAKES,IN,2007,TRUE
ABOG (OB/GYN),1841417110,JENNIFER HAMNER,IN,2017,TRUE
ABOG (OB/GYN),1013921956,KATHRYN COPELAND,IN,2006,TRUE
ABOG (OB/GYN),1619981545,MARTINA MUTONE,IN,2003,TRUE
ABOG (OB/GYN),1649258856,SAMEENA RAO,IN,2005,TRUE
ABOG (OB/GYN),1235800798,SARA DIAZ,IN,2006,TRUE
ABOG (OB/GYN),1386639565,SCOTT BOYD,IN,2004,TRUE
ABOG (OB/GYN),1174503866,TED ROTH,IN,2004,TRUE
ABOG (OB/GYN),1871554998,CATHY DAHL,KS,2008,TRUE
ABOG (OB/GYN),1295737633,CHARLES BUTRICK,KS,1987,TRUE
ABOG (OB/GYN),1407477219,KEVIN MILLER,KS,1993,TRUE
ABOG (OB/GYN),1932462314,MELANIE MEISTER,KS,2018,TRUE
ABOG (OB/GYN),1740366178,MELISSA HUGGINS,KS,2008,TRUE
ABOG (OB/GYN),1841481629,PATRICK NOSTI,KS,2014,TRUE
ABOG (OB/GYN),1497042444,SIMON PATTON,KS,2017,TRUE
ABOG (OB/GYN),1205836251,STEPHEN WASSINGER,KS,1999,TRUE
ABOG (OB/GYN),1982043998,ANKITA GUPTA,KY,2019,TRUE
ABOG (OB/GYN),1003182270,CAROLINE ELMER-LYON,KY,2017,TRUE
ABOG (OB/GYN),1902066020,KATE MERIWETHER,KY,2015,TRUE
ABOG (OB/GYN),1437242062,LORI WARREN,KY,1993,TRUE
ABOG (OB/GYN),1346561453,MARJORIE PILKINTON,KY,2016,TRUE
ABOG (OB/GYN),1619185386,SARAH KANE,KY,2012,TRUE
ABOG (OB/GYN),1821108200,SEAN FRANCIS,KY,2004,TRUE
ABOG (OB/GYN),1073958773,STACY LENGER,KY,2019,TRUE
ABOG (OB/GYN),1982894721,SUSAN OAKLEY,KY,2014,TRUE
ABOG (OB/GYN),1811913585,SUSAN TATE,KY,1995,TRUE
ABOG (OB/GYN),1134328800,AHMET BEDESTANI,LA,2011,TRUE
ABOG (OB/GYN),1053316570,ANTONIO PIZARRO,LA,2007,TRUE
ABOG (OB/GYN),1043396625,C. MCCATHRAN,LA,1990,TRUE
ABOG (OB/GYN),1861490542,JOHN GONZALEZ,LA,2002,TRUE
ABOG (OB/GYN),1316094295,LEISE KNOEPP,LA,2011,TRUE
ABOG (OB/GYN),1295721462,LISA PEACOCK,LA,1996,TRUE
ABOG (OB/GYN),1053471433,MARGIE KAHN,LA,1992,TRUE
ABOG (OB/GYN),1841498755,AMOS ADELOWO,MA,2014,TRUE
ABOG (OB/GYN),1972553121,BARBARA STRICKER,MA,1994,TRUE
ABOG (OB/GYN),1679556997,CYNTHIA HALL,MA,2001,TRUE
ABOG (OB/GYN),1568529121,DIEGO ILLANES,MA,2009,TRUE
ABOG (OB/GYN),1558550541,ELLEN SOLOMON,MA,2013,TRUE
ABOG (OB/GYN),1780690248,ELLIOT GREENBERG,MA,1990,TRUE
ABOG (OB/GYN),1033189089,EMAN ELKADRY,MA,1999,TRUE
ABOG (OB/GYN),1871729673,EMILY VON BARGEN,MA,2014,TRUE
ABOG (OB/GYN),1376509703,GERRY CAMPOS,MA,1992,TRUE
ABOG (OB/GYN),1003882564,JANET LI,MA,2006,TRUE
ABOG (OB/GYN),1720249543,JEANNINE MIRANNE,MA,2014,TRUE
ABOG (OB/GYN),1134143290,JOHN AL-JAMAL,MA,2002,TRUE
ABOG (OB/GYN),1437237575,JYOT SAINI,MA,1999,TRUE
ABOG (OB/GYN),1497069595,KATELYN SMITHLING,MA,2015,TRUE
ABOG (OB/GYN),1457375727,KATHERINE HANAWAY,MA,2008,TRUE
ABOG (OB/GYN),1316143514,KEISHA JONES,MA,2011,TRUE
ABOG (OB/GYN),1285945022,KRISTIN HUNG,MA,2016,TRUE
ABOG (OB/GYN),1851327001,LIEZL IRISARI,MA,2007,TRUE
ABOG (OB/GYN),1851374276,LORI BERKOWITZ,MA,1999,TRUE
ABOG (OB/GYN),1740485762,MALLIKA ANAND,MA,2014,TRUE
ABOG (OB/GYN),1649269838,MARINA RABIN,MA,2000,TRUE
ABOG (OB/GYN),1205819505,MAY WAKAMATSU,MA,1989,TRUE
ABOG (OB/GYN),1235169244,MICHAEL FLYNN,MA,1999,TRUE
ABOG (OB/GYN),1255489753,MILENA WEINSTEIN,MA,2008,TRUE
ABOG (OB/GYN),1972700052,MONICA RICHARDSON,MA,2014,TRUE
ABOG (OB/GYN),1003872227,NEERAJ KOHLI,MA,2001,TRUE
ABOG (OB/GYN),1629048665,PETER ROSENBLATT,MA,1997,TRUE
ABOG (OB/GYN),1215091905,RAFFAELE BRUNO,MA,1993,TRUE
ABOG (OB/GYN),1649287749,RALPH PHILOSOPHE,MA,1994,TRUE
ABOG (OB/GYN),1760690358,ROGER LEFEVRE,MA,2013,TRUE
ABOG (OB/GYN),1841289824,SAMANTHA PULLIAM,MA,2006,TRUE
ABOG (OB/GYN),1730308974,SONIA ADAMS,MA,2012,TRUE
ABOG (OB/GYN),1710962543,SUJATHA RAJAN,MA,2009,TRUE
ABOG (OB/GYN),1598728081,VATCHE MINASSIAN,MA,2001,TRUE
ABOG (OB/GYN),1811966948,VIKAS MERCHIA,MA,2005,TRUE
ABOG (OB/GYN),1316289440,WILLIAM WINKELMAN,MA,2019,TRUE
ABOG (OB/GYN),1982024303,XIBEI JIA,MA,2019,TRUE
ABOG (OB/GYN),1831366889,AMY PARK,MD,2010,TRUE
ABOG (OB/GYN),1174695647,ANITA PILLAI-ALLEN,MD,1996,TRUE
ABOG (OB/GYN),1790121846,APARNA RAMASESHAN,MD,2019,TRUE
ABOG (OB/GYN),1770553919,CHERYL IGLESIA,MD,1999,TRUE
ABOG (OB/GYN),1033181300,CHRISTINE VACCARO,MD,2008,TRUE
ABOG (OB/GYN),1154390714,CONRAD DUNCAN,MD,1998,TRUE
ABOG (OB/GYN),1841225133,DANIEL GRUBER,MD,2007,TRUE
ABOG (OB/GYN),1114986817,DANIEL KIM,MD,2004,TRUE
ABOG (OB/GYN),1578650818,DANIELLE PATTERSON,MD,2009,TRUE
ABOG (OB/GYN),1467417592,DANITA AKINGBA,MD,2008,TRUE
ABOG (OB/GYN),1871704171,DONNA MAZLOOMDOOST,MD,2010,TRUE
ABOG (OB/GYN),1962068486,GRACE CHEN,MD,2008,TRUE
ABOG (OB/GYN),1093746885,HARRY JOHNSON,MD,1991,TRUE
ABOG (OB/GYN),1689849226,JANIS GREEN,MD,2009,TRUE
ABOG (OB/GYN),1831117472,JOAN BLOMQUIST,MD,1998,TRUE
ABOG (OB/GYN),1720059793,KAY HOSKEY,MD,2005,TRUE
ABOG (OB/GYN),1194830505,MADELINE DICK-BIASCOECHEA,MD,2006,TRUE
ABOG (OB/GYN),1609814326,MARCELLA ROENNEBURG,MD,1987,TRUE
ABOG (OB/GYN),1447222088,MAVA ROBINSON-WALTON,MD,2005,TRUE
ABOG (OB/GYN),1063696763,NYARAI MUSHONGA,MD,2014,TRUE
ABOG (OB/GYN),1538182571,OKECHUKWU IBEANU,MD,2008,TRUE
ABOG (OB/GYN),1184736514,RICHARD ELLERKMANN,MD,2002,TRUE
ABOG (OB/GYN),1043268501,ROBERT GUTMAN,MD,2007,TRUE
ABOG (OB/GYN),1255360624,SHOBHA SIKKA,MD,2008,TRUE
ABOG (OB/GYN),1699093666,STEPHANIE JACOBS,MD,2012,TRUE
ABOG (OB/GYN),1548847700,THAO NGUYEN,MD,2010,TRUE
ABOG (OB/GYN),1568555258,TOLA FASHOKUN,MD,2005,TRUE
ABOG (OB/GYN),1366556185,YONG ZHENG,MD,2006,TRUE
ABOG (OB/GYN),1760023642,CAROLINE WRIGHT,ME,2014,TRUE
ABOG (OB/GYN),1760820385,JOHN OGOREK,ME,2019,TRUE
ABOG (OB/GYN),1235529652,KATHERINE MCDONALD,ME,2021,TRUE
ABOG (OB/GYN),1013908037,MARY BRANDES,ME,1990,TRUE
ABOG (OB/GYN),1790896256,MELISSA STREETER,ME,2006,TRUE
ABOG (OB/GYN),1073552048,ADAM ZIFF,MI,2006,TRUE
ABOG (OB/GYN),1124140405,ALEXEY LEVASHKEVICH,MI,2009,TRUE
ABOG (OB/GYN),1326053083,ALI LUCK,MI,2005,TRUE
ABOG (OB/GYN),1093742439,ANDREW AGOSTA,MI,1990,TRUE
ABOG (OB/GYN),1023261237,CAROLYN SWENSON,MI,2014,TRUE
ABOG (OB/GYN),1548357395,DANIEL MORGAN,MI,2005,TRUE
ABOG (OB/GYN),1699921775,DESLYN HOBSON,MI,2014,TRUE
ABOG (OB/GYN),1437199411,ELIZABETH LEARY,MI,2006,TRUE
ABOG (OB/GYN),1164697876,GINA STERNSCHUSS,MI,2011,TRUE
ABOG (OB/GYN),1295757631,JASON BENNETT,MI,2006,TRUE
ABOG (OB/GYN),1194818302,JOHN DELANCEY,MI,1983,TRUE
ABOG (OB/GYN),1922111376,JOSEPH SHAWI,MI,1994,TRUE
ABOG (OB/GYN),1306068978,MARIA ESTANOL,MI,2014,TRUE
ABOG (OB/GYN),1679669303,MEGAN SCHIMPF,MI,2006,TRUE
ABOG (OB/GYN),1043449275,MEGHAN GRIFFIN,MI,2015,TRUE
ABOG (OB/GYN),1427254226,MELINDA ABERNETHY,MI,2013,TRUE
ABOG (OB/GYN),1649775784,MUHAMMAD ASLAM,MI,2014,TRUE
ABOG (OB/GYN),1801020920,PAMELA FAIRCHILD,MI,2014,TRUE
ABOG (OB/GYN),1760895973,PAYTON SCHMIDT,MI,2019,TRUE
ABOG (OB/GYN),1285892653,RAISA PLATTE,MI,2013,TRUE
ABOG (OB/GYN),1952305765,ROBERT DODDS,MI,2001,TRUE
ABOG (OB/GYN),1932178936,SALIL KHANDWALA,MI,2001,TRUE
ABOG (OB/GYN),1164866281,SHEFALI SHARMA,MI,2016,TRUE
ABOG (OB/GYN),1124095278,TODD MOYERBRAILEAN,MI,1993,TRUE
ABOG (OB/GYN),1669783619,ANNETTA MADSEN,MN,2017,TRUE
ABOG (OB/GYN),1174593644,CHRISTOPHER KLINGELE,MN,2005,TRUE
ABOG (OB/GYN),1164600342,DAVID WAGGONNER,MN,2012,TRUE
ABOG (OB/GYN),1043577448,DERRICK SANDERSON,MN,2021,TRUE
ABOG (OB/GYN),1821297987,ELIZABETH FRANKMAN,MN,2012,TRUE
ABOG (OB/GYN),1679550529,EMANUEL TRABUCO,MN,2010,TRUE
ABOG (OB/GYN),1356640031,EMILY MYER,MN,2016,TRUE
ABOG (OB/GYN),1639155138,ERIC ENGLISH,MN,2006,TRUE
ABOG (OB/GYN),1902928153,GOKHAN ANIL,MN,2009,TRUE
ABOG (OB/GYN),1124179841,JENNIFER SCHMITT,MN,2016,TRUE
ABOG (OB/GYN),1285869784,JOHN FISCHER,MN,2000,TRUE
ABOG (OB/GYN),1902884737,JOHN GEBHART,MN,2004,TRUE
ABOG (OB/GYN),1043421860,JOHN OCCHINO,MN,2011,TRUE
ABOG (OB/GYN),1043403363,JOSHUA WOELK,MN,2011,TRUE
ABOG (OB/GYN),1437142924,KEVIN HALLMAN,MN,1991,TRUE
ABOG (OB/GYN),1083658181,KIMBERLY GERTEN,MN,2006,TRUE
ABOG (OB/GYN),1053321745,MELVIN ASHFORD,MN,2004,TRUE
ABOG (OB/GYN),1457337685,MICHAEL VALLEY,MN,1994,TRUE
ABOG (OB/GYN),1548674971,ALEXANDER HUBB,MO,2019,TRUE
ABOG (OB/GYN),1568473122,ANDREW STEELE,MO,1995,TRUE
ABOG (OB/GYN),1215900212,CHIARA GHETTI,MO,2006,TRUE
ABOG (OB/GYN),1043522410,CHRISTINE CHU,MO,2016,TRUE
ABOG (OB/GYN),1710243324,DENICIA DWARICA,MO,2017,TRUE
ABOG (OB/GYN),1629047626,DIONYSIOS VERONIKIS,MO,2000,TRUE
ABOG (OB/GYN),1144248691,EDWARD LEVY,MO,1997,TRUE
ABOG (OB/GYN),1477647154,ERIKA KOHANOWSKI,MO,2004,TRUE
ABOG (OB/GYN),1740319003,EUGEN CAMPIAN,MO,2011,TRUE
ABOG (OB/GYN),1184685299,FAH LEONG,MO,1997,TRUE
ABOG (OB/GYN),1790702322,FAREESA KHAN,MO,2006,TRUE
ABOG (OB/GYN),1093705469,GARY SUTKIN,MO,2003,TRUE
ABOG (OB/GYN),1851456990,IAN ROSBRUGH,MO,2009,TRUE
ABOG (OB/GYN),1972899862,JENNIFER BICKHAUS,MO,2018,TRUE
ABOG (OB/GYN),1619941879,JERRY LOWDER,MO,2007,TRUE
ABOG (OB/GYN),1831230655,KENT BURK,MO,1996,TRUE
ABOG (OB/GYN),1841384401,LISA BRENNAMAN,MO,2010,TRUE
ABOG (OB/GYN),1659382216,MARY MCLENNAN,MO,1996,TRUE
ABOG (OB/GYN),1033373436,MEGAN SNEED,MO,2012,TRUE
ABOG (OB/GYN),1235104787,RAYMOND FOSTER,MO,2005,TRUE
ABOG (OB/GYN),1144212424,RICHARD HILL,MO,2001,TRUE
ABOG (OB/GYN),1114016144,JOHN BATEN,MS,2005,TRUE
ABOG (OB/GYN),1487677514,JOHNNY MILES,MS,1992,TRUE
ABOG (OB/GYN),1912092156,PAUL MOORE,MS,2013,TRUE
ABOG (OB/GYN),1427626613,ROBERT HARRIS,MS,1997,TRUE
ABOG (OB/GYN),1790722999,STEVEN SPEIGHTS,MS,2001,TRUE
ABOG (OB/GYN),1902807878,THOMAS PITMAN,MS,1996,TRUE
ABOG (OB/GYN),1316364276,ALAINA BENNETT,MT,2019,TRUE
ABOG (OB/GYN),1437487238,CRAIG MAYR,MT,2014,TRUE
ABOG (OB/GYN),1285929927,ERIK HOKENSTAD,MT,2018,TRUE
ABOG (OB/GYN),1770961401,ABHISHEK SRIPAD,NC,2021,TRUE
ABOG (OB/GYN),1346408994,ALEXIS DIETER,NC,2014,TRUE
ABOG (OB/GYN),1235213109,ALISON WEIDNER,NC,2000,TRUE
ABOG (OB/GYN),1669659595,AMIE KAWASAKI,NC,2010,TRUE
ABOG (OB/GYN),1104021559,ANDREA CRANE,NC,2012,TRUE
ABOG (OB/GYN),1447230404,ANITA DAS,NC,1993,TRUE
ABOG (OB/GYN),1144318445,ANTHONY VISCO,NC,2002,TRUE
ABOG (OB/GYN),1194721498,BRADLEY JACOBS,NC,2003,TRUE
ABOG (OB/GYN),1396800355,CANDACE PARKER-AUTRY,NC,2015,TRUE
ABOG (OB/GYN),1467563593,CATHERINE MATTHEWS,NC,2004,TRUE
ABOG (OB/GYN),1750657078,DINA BASTAWROS,NC,2019,TRUE
ABOG (OB/GYN),1427478908,ELIZABETH BRAXTON,NC,2019,TRUE
ABOG (OB/GYN),1477675072,ELIZABETH GELLER,NC,2007,TRUE
ABOG (OB/GYN),1255545448,ERINN MYERS,NC,2012,TRUE
ABOG (OB/GYN),1578520821,GEORGE ROBISON,NC,2001,TRUE
ABOG (OB/GYN),1184649261,GERALD TAYLOR,NC,2001,TRUE
ABOG (OB/GYN),1174580393,HALE STEPHENSON,NC,1994,TRUE
ABOG (OB/GYN),1518931161,JAMES THEOFRASTOUS,NC,1993,TRUE
ABOG (OB/GYN),1225125669,JANET HARRIS-HICKS,NC,2008,TRUE
ABOG (OB/GYN),1295842029,JEFFREY GARRIS,NC,2001,TRUE
ABOG (OB/GYN),1235192170,JOHN JELOVSEK,NC,2008,TRUE
ABOG (OB/GYN),1205129830,JOSEPH MALEK,NC,2017,TRUE
ABOG (OB/GYN),1356476303,KEVIN STEPP,NC,2006,TRUE
ABOG (OB/GYN),1821388034,MARCELLA WILLIS-GRAY,NC,2016,TRUE
ABOG (OB/GYN),1548204928,MATTHEW BARBER,NC,2002,TRUE
ABOG (OB/GYN),1396901773,MEGAN TARR,NC,2009,TRUE
ABOG (OB/GYN),1003158809,MICHELLE SCHROEDER,NC,2020,TRUE
ABOG (OB/GYN),1538133186,NANCY HOWDEN,NC,2007,TRUE
ABOG (OB/GYN),1144311291,NAZEMA SIDDIQUI,NC,2011,TRUE
ABOG (OB/GYN),1669581781,SARAH BRADLEY,NC,2018,TRUE
ABOG (OB/GYN),1487628285,STEVEN BERLINER,NC,1986,TRUE
ABOG (OB/GYN),1437113537,THOMAS MATTOX,NC,1993,TRUE
ABOG (OB/GYN),1194786897,TIMOTHY CHASE,NC,1997,TRUE
ABOG (OB/GYN),1750380549,WILLIAM PORTER,NC,2005,TRUE
ABOG (OB/GYN),1538798657,AMANDEEP MAHAL,NE,2016,TRUE
ABOG (OB/GYN),1881697944,EMILY KEAN-PUCCIONI,NE,2007,TRUE
ABOG (OB/GYN),1528220209,JESSICA BRACKEN,NE,2012,TRUE
ABOG (OB/GYN),1396755724,KRISTIN ROONEY,NE,2013,TRUE
ABOG (OB/GYN),1366555369,PAIGE BERRYMAN,NE,2003,TRUE
ABOG (OB/GYN),1316978695,REBECCA MCCRERY,NE,2006,TRUE
ABOG (OB/GYN),1063603967,DEEPTHA SASTRY,NH,2011,TRUE
ABOG (OB/GYN),1821281866,ELISABETH EREKSON,NH,2009,TRUE
ABOG (OB/GYN),1033141312,ELIZABETH CHASE,NH,1998,TRUE
ABOG (OB/GYN),1912498874,JONATHAN SHAW,NH,2015,TRUE
ABOG (OB/GYN),1023037538,KRIS STROHBEHN,NH,1994,TRUE
ABOG (OB/GYN),1952495798,ADAM HOLZBERG,NJ,2006,TRUE
ABOG (OB/GYN),1215370879,ALEXANDER BERGER,NJ,2019,TRUE
ABOG (OB/GYN),1285650242,CARMEN SULTANA,NJ,1993,TRUE
ABOG (OB/GYN),1003243361,CAROLYN BOTROS,NJ,2017,TRUE
ABOG (OB/GYN),1568638997,CEDRIC OLIVERA,NJ,2002,TRUE
ABOG (OB/GYN),1316033483,CHARBEL SALAMON,NJ,2007,TRUE
ABOG (OB/GYN),1275502072,CHRISTOPHER FABRICANT,NJ,2005,TRUE
ABOG (OB/GYN),1790785012,CRISANTA CLAYDON,NJ,2006,TRUE
ABOG (OB/GYN),1558748129,DIANA HEARN,NJ,2021,TRUE
ABOG (OB/GYN),1609867100,ELLEN CONNER,NJ,2005,TRUE
ABOG (OB/GYN),1548584428,ERIKA WASENDA,NJ,2015,TRUE
ABOG (OB/GYN),1801976378,GEORGE LAZAROU,NJ,2003,TRUE
ABOG (OB/GYN),1912087495,GITI BENSINGER,NJ,2006,TRUE
ABOG (OB/GYN),1285660183,HEATHER VAN RAALTE,NJ,2011,TRUE
ABOG (OB/GYN),1780652990,JEFFREY SEGAL,NJ,2009,TRUE
ABOG (OB/GYN),1497854236,JOSE CHAVEZ-CACHO,NJ,1995,TRUE
ABOG (OB/GYN),1689780587,JUANA HUTCHINSON-COLAS,NJ,1997,TRUE
ABOG (OB/GYN),1114121571,KHASHAYAR SHAKIBA,NJ,2010,TRUE
ABOG (OB/GYN),1699119198,LAURA DHARIWAL,NJ,2019,TRUE
ABOG (OB/GYN),1316000698,LAURA KIM,NJ,2006,TRUE
ABOG (OB/GYN),1093894297,LAURIE KANE,NJ,2009,TRUE
ABOG (OB/GYN),1770775470,LIOUDMILA LIPETSKAIA,NJ,2012,TRUE
ABOG (OB/GYN),1205981230,MANISH GOPAL,NJ,2012,TRUE
ABOG (OB/GYN),1699731562,MARK MOKRZYCKI,NJ,1998,TRUE
ABOG (OB/GYN),1902992274,MARK PRESTON,NJ,2005,TRUE
ABOG (OB/GYN),1164410643,MARTIN MICHALEWSKI,NJ,2008,TRUE
ABOG (OB/GYN),1710925078,MICHAEL VARDY,NJ,1999,TRUE
ABOG (OB/GYN),1295960706,NINA BHATIA,NJ,2012,TRUE
ABOG (OB/GYN),1154619500,NINA JACOBSON,NJ,2016,TRUE
ABOG (OB/GYN),1356410252,PATRICIA GIL,NJ,2010,TRUE
ABOG (OB/GYN),1497727721,PATRICK CULLIGAN,NJ,2001,TRUE
ABOG (OB/GYN),1194152348,PATRICK POPIEL,NJ,2020,TRUE
ABOG (OB/GYN),1538364369,PAUL LITTMAN,NJ,2010,TRUE
ABOG (OB/GYN),1023108248,PIERRE LESPINASSE,NJ,2005,TRUE
ABOG (OB/GYN),1275639783,RICARDO CARABALLO,NJ,2001,TRUE
ABOG (OB/GYN),1811906878,SAIFUDDIN MAMA,NJ,1999,TRUE
ABOG (OB/GYN),1043464704,SANDY NOSSEIR,NJ,2014,TRUE
ABOG (OB/GYN),1811126246,SARAH FRIEDMAN,NJ,2011,TRUE
ABOG (OB/GYN),1053756197,SHIRLY SOLOUKI,NJ,2019,TRUE
ABOG (OB/GYN),1295023521,WOOJIN CHONG,NJ,2017,TRUE
ABOG (OB/GYN),1508903881,BROOK MCFADDEN,NM,2014,TRUE
ABOG (OB/GYN),1548420383,CARA NINIVAGGIO,NM,2014,TRUE
ABOG (OB/GYN),1417007808,GENA DUNIVAN,NM,2009,TRUE
ABOG (OB/GYN),1487879987,PETER JEPPSON,NM,2014,TRUE
ABOG (OB/GYN),1932105301,SCOTT BEARD,NM,2002,TRUE
ABOG (OB/GYN),1477647840,TUSHAR DANDADE,NM,2005,TRUE
ABOG (OB/GYN),1457506792,CHARU GUPTA,NV,2013,TRUE
ABOG (OB/GYN),1659462208,ELIZABETH HUTSON,NV,1999,TRUE
ABOG (OB/GYN),1023032638,GEOFFREY HSIEH,NV,1999,TRUE
ABOG (OB/GYN),1780656629,HEATHER BARBIER,NV,2010,TRUE
ABOG (OB/GYN),1417375742,KERAC FALK,NV,2019,TRUE
ABOG (OB/GYN),1215991856,SAMUEL CHACON,NV,2003,TRUE
ABOG (OB/GYN),1083783823,TY ERICKSON,NV,1989,TRUE
ABOG (OB/GYN),1083875652,YARINI QUEZADA,NV,2013,TRUE
ABOG (OB/GYN),1215954102,ABEER EDDIB,NY,2004,TRUE
ABOG (OB/GYN),1891788931,ALAN GARELY,NY,1996,TRUE
ABOG (OB/GYN),1639196520,ALI GHOMI,NY,2006,TRUE
ABOG (OB/GYN),1508405549,ANN TRAN,NY,2019,TRUE
ABOG (OB/GYN),1104827583,ANNE HARDART,NY,2003,TRUE
ABOG (OB/GYN),1043489586,ARMEN KIRAKOSYAN,NY,2012,TRUE
ABOG (OB/GYN),1598892945,AVA LEEGANT,NY,2010,TRUE
ABOG (OB/GYN),1235248303,BASIL KOCUR,NY,1995,TRUE
ABOG (OB/GYN),1871673335,BOGDAN GRIGORESCU,NY,2011,TRUE
ABOG (OB/GYN),1083751184,CARA GRIMES,NY,2010,TRUE
ABOG (OB/GYN),1063746840,CHANDHANA PAKA,NY,2012,TRUE
ABOG (OB/GYN),1780626317,CHARLES ASCHER-WALSH,NY,2002,TRUE
ABOG (OB/GYN),1346651890,CHRISTINA ESCOBAR,NY,2021,TRUE
ABOG (OB/GYN),1841284023,CHRISTINA KWON,NY,2005,TRUE
ABOG (OB/GYN),1902846579,CORNELIUS VERHOEST,NY,1998,TRUE
ABOG (OB/GYN),1518266303,DANIELLE O'SHAUGHNESSY,NY,2017,TRUE
ABOG (OB/GYN),1245498518,DARA SHALOM,NY,2012,TRUE
ABOG (OB/GYN),1205880911,EARLANDO THOMAS,NY,2006,TRUE
ABOG (OB/GYN),1487740395,EDDIE SZE,NY,1997,TRUE
ABOG (OB/GYN),1487864880,ERIN CROSBY,NY,2013,TRUE
ABOG (OB/GYN),1770510067,ERIN DUECY,NY,2008,TRUE
ABOG (OB/GYN),1669559043,EVA SWOBODA,NY,2007,TRUE
ABOG (OB/GYN),1093929358,FRANKLIN BAXTER,NY,2015,TRUE
ABOG (OB/GYN),1588849707,HAFSA MEMON,NY,2013,TRUE
ABOG (OB/GYN),1558421693,HARVEY WINKLER,NY,1999,TRUE
ABOG (OB/GYN),1699952762,HUAN-SUE ZHOU,NY,2003,TRUE
ABOG (OB/GYN),1578532875,JERRY CAPORASO,NY,2005,TRUE
ABOG (OB/GYN),1336121870,JOHN WAGNER,NY,1993,TRUE
ABOG (OB/GYN),1578906129,JOSEPH PANZA,NY,2019,TRUE
ABOG (OB/GYN),1841286242,JULIE DROLET,NY,1996,TRUE
ABOG (OB/GYN),1902864960,KAREN MCSHANE,NY,1989,TRUE
ABOG (OB/GYN),1437418662,KATHERINE HUSK,NY,2019,TRUE
ABOG (OB/GYN),1619070836,KAYTAN AMRUTE,NY,2004,TRUE
ABOG (OB/GYN),1447277801,KEITH DOWNING,NY,2008,TRUE
ABOG (OB/GYN),1790014827,LADIN YURTERI-KAPLAN,NY,2012,TRUE
ABOG (OB/GYN),1538261029,LAI-YET LAM,NY,1988,TRUE
ABOG (OB/GYN),1346683034,LAUREN STEWART,NY,2019,TRUE
ABOG (OB/GYN),1326075367,LAURI BUDNICK,NY,1997,TRUE
ABOG (OB/GYN),1245390384,LAWRENCE LIND,NY,1998,TRUE
ABOG (OB/GYN),1548245160,LISA DABNEY,NY,2002,TRUE
ABOG (OB/GYN),1063477404,MARC EIGG,NY,1998,TRUE
ABOG (OB/GYN),1346354404,MARC GREENSTEIN,NY,1998,TRUE
ABOG (OB/GYN),1205808904,MARISA MASTROPIETRO,NY,2003,TRUE
ABOG (OB/GYN),1770546939,MARJORIE JEAN-MICHEL,NY,2011,TRUE
ABOG (OB/GYN),1043470024,MOHAMED GHAFAR,NY,2010,TRUE
ABOG (OB/GYN),1922057710,NANCI HAWKINS,NY,2000,TRUE
ABOG (OB/GYN),1851538045,NAVPRIYA OBEROI,NY,2012,TRUE
ABOG (OB/GYN),1669750907,NIRMALA PILLALAMARRI,NY,2015,TRUE
ABOG (OB/GYN),1841560521,NUAN CUI,NY,2014,TRUE
ABOG (OB/GYN),1518982610,OLGA LIBERMAN,NY,2011,TRUE
ABOG (OB/GYN),1669761342,PAKEEZA ALAM,NY,2016,TRUE
ABOG (OB/GYN),1669663845,PAULA DOYLE,NY,2016,TRUE
ABOG (OB/GYN),1073532461,PETER FINAMORE,NY,2007,TRUE
ABOG (OB/GYN),1205120862,REBECCA ROGERS,NY,1999,TRUE
ABOG (OB/GYN),1497099857,RENEE ROLSTON,NY,2016,TRUE
ABOG (OB/GYN),1780974337,SALMA RAHIMI,NY,2014,TRUE
ABOG (OB/GYN),1407848906,SAMUEL BADALIAN,NY,2001,TRUE
ABOG (OB/GYN),1811985518,SCOTT SMILEN,NY,1994,TRUE
ABOG (OB/GYN),1790754034,SETH FINKELSTEIN,NY,2007,TRUE
ABOG (OB/GYN),1790771657,SOO KWON,NY,1998,TRUE
ABOG (OB/GYN),1326277435,SVJETLANA LOZO,NY,2015,TRUE
ABOG (OB/GYN),1881891661,TIRSIT ASFAW,NY,2012,TRUE
ABOG (OB/GYN),1497714968,TOVA ABLOVE,NY,2005,TRUE
ABOG (OB/GYN),1740295526,VERONICA LERNER,NY,2009,TRUE
ABOG (OB/GYN),1831132653,ANDREW HUNDLEY,OH,2006,TRUE
ABOG (OB/GYN),1033400957,ANNE SAMMARCO,OH,2017,TRUE
ABOG (OB/GYN),1467867119,ANNE STACHOWICZ,OH,2021,TRUE
ABOG (OB/GYN),1750348017,APARNA SHAH,OH,2008,TRUE
ABOG (OB/GYN),1083620421,BERI RIDGEWAY,OH,2008,TRUE
ABOG (OB/GYN),1790809010,BOGDAN ORASANU,OH,2012,TRUE
ABOG (OB/GYN),1528697729,CATHERINE HUDSON,OH,2014,TRUE
ABOG (OB/GYN),1477675874,CATRINA CRISP,OH,2013,TRUE
ABOG (OB/GYN),1255592325,CECILE UNGER,OH,2014,TRUE
ABOG (OB/GYN),1578621611,CHRISTOPHER ROONEY,OH,2009,TRUE
ABOG (OB/GYN),1700020138,COSTAS APOSTOLIS,OH,2014,TRUE
ABOG (OB/GYN),1578600565,CRAIG HANSON,OH,1997,TRUE
ABOG (OB/GYN),1528257888,DANI ZOOROB,OH,2013,TRUE
ABOG (OB/GYN),1912131665,DAVID SHEYN,OH,2017,TRUE
ABOG (OB/GYN),1447255864,DEBRA MILLER,OH,1993,TRUE
ABOG (OB/GYN),1134115827,GEOFFREY TOWERS,OH,2001,TRUE
ABOG (OB/GYN),1225473101,GRAHAM CHAPMAN,OH,2019,TRUE
ABOG (OB/GYN),1144640608,HAYLEY BARNES,OH,2019,TRUE
ABOG (OB/GYN),1194759548,JAMES PULVINO,OH,2009,TRUE
ABOG (OB/GYN),1912926395,JAMES WHITESIDE,OH,2006,TRUE
ABOG (OB/GYN),1912058041,JANELLE EVANS,OH,2014,TRUE
ABOG (OB/GYN),1679689913,JEFFREY MANGEL,OH,2002,TRUE
ABOG (OB/GYN),1487943742,JENIFER BYRNES,OH,2017,TRUE
ABOG (OB/GYN),1275827719,JENNIFER YEUNG,OH,2017,TRUE
ABOG (OB/GYN),1528200904,JOSEPH HENDERSON,OH,2017,TRUE
ABOG (OB/GYN),1609197888,KATIE PROPST,OH,2017,TRUE
ABOG (OB/GYN),1417290339,LISA HICKMAN,OH,2018,TRUE
ABOG (OB/GYN),1669417770,MARIE PARAISO,OH,1996,TRUE
ABOG (OB/GYN),1215011184,MARY SOUTH,OH,2009,TRUE
ABOG (OB/GYN),1073505681,MAURICE-KAI CHUNG,OH,1992,TRUE
ABOG (OB/GYN),1467455881,MICHAEL KARRAM,OH,1986,TRUE
ABOG (OB/GYN),1245313535,MICKEY KARRAM,OH,1988,TRUE
ABOG (OB/GYN),1053376764,MITESH PAREKH,OH,2004,TRUE
ABOG (OB/GYN),1023276565,NADINE KASSIS,OH,2014,TRUE
ABOG (OB/GYN),1508041518,NICOLE BOOK,OH,2014,TRUE
ABOG (OB/GYN),1528137650,R. OWENS,OH,1996,TRUE
ABOG (OB/GYN),1326121534,RACHEL PAULS,OH,2006,TRUE
ABOG (OB/GYN),1558367862,RENEE CAPUTO,OH,1994,TRUE
ABOG (OB/GYN),1184792525,ROBERT POLLARD,OH,2002,TRUE
ABOG (OB/GYN),1104801471,ROSANNE KHO,OH,1998,TRUE
ABOG (OB/GYN),1568488807,SANGEETA MAHAJAN,OH,2007,TRUE
ABOG (OB/GYN),1205102092,SHANNON WALLACE,OH,2018,TRUE
ABOG (OB/GYN),1881856797,SHERIF EL-NASHAR,OH,2014,TRUE
ABOG (OB/GYN),1316234867,SILPA NEKKANTI,OH,2019,TRUE
ABOG (OB/GYN),1336300300,SONALI RAMAN,OH,2013,TRUE
ABOG (OB/GYN),1487737698,STEVEN KLEEMAN,OH,2000,TRUE
ABOG (OB/GYN),1225268535,SUSANNE TAEGE,OH,2015,TRUE
ABOG (OB/GYN),1083033179,TIFFANIE TAM,OH,2022,TRUE
ABOG (OB/GYN),1720377963,TONYA THOMAS,OH,2017,TRUE
ABOG (OB/GYN),1851379275,WALID KASSEM,OH,1992,TRUE
ABOG (OB/GYN),1871696674,WILLIAM QUIRK,OH,1995,TRUE
ABOG (OB/GYN),1295858355,WILLIAM RUSH,OH,2010,TRUE
ABOG (OB/GYN),1568881753,ADAM HARE,OK,2019,TRUE
ABOG (OB/GYN),1134331671,ARIELLE ALLEN,OK,2011,TRUE
ABOG (OB/GYN),1124255922,BENJAMIN BARENBERG,OK,2014,TRUE
ABOG (OB/GYN),1457532046,DENA O'LEARY,OK,2014,TRUE
ABOG (OB/GYN),1922149426,EDGAR LECLAIRE,OK,2009,TRUE
ABOG (OB/GYN),1780818575,JAMECA PRICE,OK,2015,TRUE
ABOG (OB/GYN),1518925692,KAREN GOLD,OK,2001,TRUE
ABOG (OB/GYN),1093752925,LIESCHEN QUIROZ,OK,2009,TRUE
ABOG (OB/GYN),1255592952,STEPHANIE PICKETT,OK,2014,TRUE
ABOG (OB/GYN),1083872329,ALEXANDRA MCPENCOW,OR,2013,TRUE
ABOG (OB/GYN),1457300550,BLAKE OSMUNDSEN,OR,1993,TRUE
ABOG (OB/GYN),1386955037,CHIDIMMA ABANULO,OR,2017,TRUE
ABOG (OB/GYN),1407434947,DANIEL LEE,OR,2017,TRUE
ABOG (OB/GYN),1518209840,IAN FIELDS,OR,2018,TRUE
ABOG (OB/GYN),1922269653,JACQUIA DE LA CRUZ,OR,2017,TRUE
ABOG (OB/GYN),1386621837,LINDA FOX,OR,1995,TRUE
ABOG (OB/GYN),1346255833,MARY DENMAN,OR,2008,TRUE
ABOG (OB/GYN),1770112690,NICOLE BROOKS,OR,2007,TRUE
ABOG (OB/GYN),1912111592,RAHEL NARDOS,OR,2011,TRUE
ABOG (OB/GYN),1295927424,REBECCA BATALDEN,OR,2015,TRUE
ABOG (OB/GYN),1912199134,SARA CICHOWSKI,OR,2011,TRUE
ABOG (OB/GYN),1881615102,SARAH BOYLES,OR,2007,TRUE
ABOG (OB/GYN),1336351352,VIRGINIA KING,OR,2009,TRUE
ABOG (OB/GYN),1972510808,WILLIAM GREGORY,OR,2003,TRUE
ABOG (OB/GYN),1265871867,AKIRA GILLINGHAM,PA,2019,TRUE
ABOG (OB/GYN),1699756577,ALLAN KLAPPER,PA,1998,TRUE
ABOG (OB/GYN),1790128957,AMANDA ARTSEN,PA,2018,TRUE
ABOG (OB/GYN),1255636825,AVITA PAHWA,PA,2015,TRUE
ABOG (OB/GYN),1255398079,BARBARA WISEMAN,PA,1991,TRUE
ABOG (OB/GYN),1316125982,CARLOS ROBERTS,PA,2010,TRUE
ABOG (OB/GYN),1346236536,CAROL GLOWACKI,PA,2001,TRUE
ABOG (OB/GYN),1568807303,CAROLINE COX,PA,2018,TRUE
ABOG (OB/GYN),1972535698,CHRISTOPHER PUGH,PA,2012,TRUE
ABOG (OB/GYN),1790012672,CYNELLE KUNKLE,PA,2014,TRUE
ABOG (OB/GYN),1316390099,DAVID WILLIAMS,PA,1999,TRUE
ABOG (OB/GYN),1851337851,DINA SCHWEITZER,PA,2002,TRUE
ABOG (OB/GYN),1841234580,DOMINIQUE EL-KHAWAND,PA,2007,TRUE
ABOG (OB/GYN),1982760872,EMILY SAKS,PA,2010,TRUE
ABOG (OB/GYN),1033475025,GNANKANG NAPOE,PA,2020,TRUE
ABOG (OB/GYN),1952377152,HALINA ZYCZYNSKI,PA,1991,TRUE
ABOG (OB/GYN),1740346725,HEIDI HARVIE,PA,2008,TRUE
ABOG (OB/GYN),1043316912,HOWARD GOLDSTEIN,PA,2007,TRUE
ABOG (OB/GYN),1326482696,JOCELYN FITZGERALD,PA,2019,TRUE
ABOG (OB/GYN),1114345014,JOHN LAWRENCE,PA,1995,TRUE
ABOG (OB/GYN),1174780381,JOHN NAVAS,PA,2017,TRUE
ABOG (OB/GYN),1093765919,JOHN SPURLOCK,PA,1990,TRUE
ABOG (OB/GYN),1952447997,JOSE MACEDA,PA,2007,TRUE
ABOG (OB/GYN),1447272927,JOSEPH MACCARONE,PA,1995,TRUE
ABOG (OB/GYN),1326067018,JOSEPH MONTELLA,PA,1991,TRUE
ABOG (OB/GYN),1992716419,KAROLYNN ECHOLS,PA,2004,TRUE
ABOG (OB/GYN),1568783306,LAURA GEPHART,PA,2017,TRUE
ABOG (OB/GYN),1245506534,LAUREN GIUGALE,PA,2018,TRUE
ABOG (OB/GYN),1295981116,LAUREN WESTERMANN,PA,2016,TRUE
ABOG (OB/GYN),1750311015,LAWRENCE GLAD,PA,1996,TRUE
ABOG (OB/GYN),1780612804,LILY ARYA,PA,2002,TRUE
ABOG (OB/GYN),1063684520,LINDSAY TURNER,PA,2015,TRUE
ABOG (OB/GYN),1619123825,LUIS ESPAILLAT-RIJO,PA,2014,TRUE
ABOG (OB/GYN),1881605897,MARC TOGLIA,PA,1995,TRUE
ABOG (OB/GYN),1124012125,MATTHEW AUNGST,PA,2005,TRUE
ABOG (OB/GYN),1831153915,MATTHEW DAVIES,PA,1995,TRUE
ABOG (OB/GYN),1538184791,MATTHEW FAGAN,PA,2008,TRUE
ABOG (OB/GYN),1336679174,MEGAN BRADLEY,PA,2016,TRUE
ABOG (OB/GYN),1912915786,MICHAEL BONIDIE,PA,1998,TRUE
ABOG (OB/GYN),1013905884,MICHAEL PELEKANOS,PA,1987,TRUE
ABOG (OB/GYN),1699701623,MILES MURPHY,PA,2005,TRUE
ABOG (OB/GYN),1083730352,MITCHELL BERGER,PA,2010,TRUE
ABOG (OB/GYN),1114226396,NABILA NOOR,PA,2016,TRUE
ABOG (OB/GYN),1467419291,NEENA AGARWALA,PA,2004,TRUE
ABOG (OB/GYN),1912971672,PAMELA MOALLI,PA,2000,TRUE
ABOG (OB/GYN),1568808566,PATRICIA HUDSON,PA,2019,TRUE
ABOG (OB/GYN),1669419198,RADHIKA AILAWADI,PA,2005,TRUE
ABOG (OB/GYN),1528091410,RENEITA ROSS,PA,2008,TRUE
ABOG (OB/GYN),1962419788,SANDRA CULBERTSON,PA,1994,TRUE
ABOG (OB/GYN),1730447145,SARAH BOYD,PA,2017,TRUE
ABOG (OB/GYN),1538193156,STEPHANIE MOLDEN,PA,2011,TRUE
ABOG (OB/GYN),1316044605,STEPHEN SEYMOUR,PA,1999,TRUE
ABOG (OB/GYN),1942581616,TAMARA TOIDZE,PA,2014,TRUE
ABOG (OB/GYN),1780096370,TESS CROUSS,PA,2019,TRUE
ABOG (OB/GYN),1538401260,TOYA GORDON,PA,2019,TRUE
ABOG (OB/GYN),1508064213,UDUAK ANDY,PA,2015,TRUE
ABOG (OB/GYN),1205824224,VANI DANDOLU,PA,1999,TRUE
ABOG (OB/GYN),1669414488,VINCENT LUCENTE,PA,1992,TRUE
ABOG (OB/GYN),1003839234,BRITTANY HAMPTON,RI,2005,TRUE
ABOG (OB/GYN),1639231673,CASSANDRA CARBERRY,RI,2009,TRUE
ABOG (OB/GYN),1497788657,CHARLES RARDIN,RI,2004,TRUE
ABOG (OB/GYN),1447413505,KYLE WOHLRAB,RI,2015,TRUE
ABOG (OB/GYN),1952586018,NICOLE KORBLY,RI,2014,TRUE
ABOG (OB/GYN),1700821014,VIVIAN SUNG,RI,2008,TRUE
ABOG (OB/GYN),1730157058,ANDREA PEZZELLA,SC,2002,TRUE
ABOG (OB/GYN),1891053195,ANNACECILIA PEACHER,SC,2018,TRUE
ABOG (OB/GYN),1346446648,AUTUMN EDENFIELD,SC,2015,TRUE
ABOG (OB/GYN),1285624031,CARY FISHBURNE,SC,2001,TRUE
ABOG (OB/GYN),1861647927,HEMA BRAZELL,SC,2012,TRUE
ABOG (OB/GYN),1528379054,REBECCA RINKO,SC,2017,TRUE
ABOG (OB/GYN),1447366968,STEVEN SWIFT,SC,1995,TRUE
ABOG (OB/GYN),1497735757,THOMAS GIUDICE,SC,1999,TRUE
ABOG (OB/GYN),1962426049,THOMAS WHEELER,SC,2006,TRUE
ABOG (OB/GYN),1649259227,KEVIN BENSON,SD,2001,TRUE
ABOG (OB/GYN),1568754901,MATTHEW BARKER,SD,2008,TRUE
ABOG (OB/GYN),1992725147,AHSEN CHAUDHRY,TN,2009,TRUE
ABOG (OB/GYN),1194806323,BARRY JARNAGIN,TN,1991,TRUE
ABOG (OB/GYN),1922099449,BERT GEER,TN,1999,TRUE
ABOG (OB/GYN),1407834211,CHADI JARJOURA,TN,1999,TRUE
ABOG (OB/GYN),1225099377,DANIEL BILLER,TN,2008,TRUE
ABOG (OB/GYN),1952355075,JEFFREY DELL,TN,1998,TRUE
ABOG (OB/GYN),1740283688,JEFFREY MCQUEARY,TN,1998,TRUE
ABOG (OB/GYN),1124226477,JENNIFER TATALOVICH,TN,2009,TRUE
ABOG (OB/GYN),1174643357,JOY COX,TN,2008,TRUE
ABOG (OB/GYN),1497982003,LISA JAMBUSARIA,TN,2015,TRUE
ABOG (OB/GYN),1942437181,MICHAEL POLIN,TN,2016,TRUE
ABOG (OB/GYN),1861488777,MICHAEL SWAN,TN,1996,TRUE
ABOG (OB/GYN),1881608693,R. HUFFAKER,TN,2010,TRUE
ABOG (OB/GYN),1760537484,RENA AZAR,TN,1999,TRUE
ABOG (OB/GYN),1558538751,RENEE WARD,TN,2008,TRUE
ABOG (OB/GYN),1376568709,ROBERT SUMMITT,TN,1989,TRUE
ABOG (OB/GYN),1992734792,RONY ADAM,TN,1997,TRUE
ABOG (OB/GYN),1801811237,VAL VOGT,TN,1998,TRUE
ABOG (OB/GYN),1720037773,WESLEY HARRIS,TN,1987,TRUE
ABOG (OB/GYN),1861053159,AIMEE NGUYEN,TX,2012,TRUE
ABOG (OB/GYN),1164681987,ALEJANDRO TRESZEZAMSKY,TX,2011,TRUE
ABOG (OB/GYN),1003047515,ALEXANDRIAH ALAS,TX,2014,TRUE
ABOG (OB/GYN),1164642237,AMANDA WHITE,TX,2008,TRUE
ABOG (OB/GYN),1164711107,AMIT PATEL,TX,2004,TRUE
ABOG (OB/GYN),1013085174,APURVA PANCHOLY,TX,2006,TRUE
ABOG (OB/GYN),1831208461,ASH DABBOUS,TX,2002,TRUE
ABOG (OB/GYN),1306161112,CASEY KINMAN,TX,2017,TRUE
ABOG (OB/GYN),1609801026,CHARLES KILPATRICK,TX,2006,TRUE
ABOG (OB/GYN),1376774836,CHRISTINA ROGERS,TX,2014,TRUE
ABOG (OB/GYN),1962107185,CHRISTOPHER JAYNE,TX,2003,TRUE
ABOG (OB/GYN),1790001360,CHRISTOPHER RIPPERDA,TX,2017,TRUE
ABOG (OB/GYN),1720044209,CLIFFORD WAI,TX,2006,TRUE
ABOG (OB/GYN),1841280716,CORNELIA DE RIESE,TX,2005,TRUE
ABOG (OB/GYN),1578711495,DANIELLE ANTOSH,TX,2010,TRUE
ABOG (OB/GYN),1730146101,DAVID RAHN,TX,2007,TRUE
ABOG (OB/GYN),1780655175,EBENEZER BABALOLA,TX,2007,TRUE
ABOG (OB/GYN),1174726426,ELIZABETH EVANS,TX,2011,TRUE
ABOG (OB/GYN),1225328636,ERIN DOUGHER,TX,2016,TRUE
ABOG (OB/GYN),1962653279,FIONA LINDO,TX,2012,TRUE
ABOG (OB/GYN),1447283114,FRANCISCO OREJUELA,TX,2006,TRUE
ABOG (OB/GYN),1831517291,GABRIELA HALDER,TX,2022,TRUE
ABOG (OB/GYN),1346265725,GAZALA SIDDIQUI,TX,2006,TRUE
ABOG (OB/GYN),1245379551,GEORGE SHASHOUA,TX,1997,TRUE
ABOG (OB/GYN),1093768145,GINGER CATHEY,TX,2005,TRUE
ABOG (OB/GYN),1366527392,GOKHAN KILIC,TX,2007,TRUE
ABOG (OB/GYN),1609803006,GREGORY EADS,TX,1984,TRUE
ABOG (OB/GYN),1972770105,HILAIRE FISHER,TX,2011,TRUE
ABOG (OB/GYN),1730379934,J. MATHEWS,TX,1994,TRUE
ABOG (OB/GYN),1881037323,JANE REED,TX,1987,TRUE
ABOG (OB/GYN),1235164476,JEROME YAKLIC,TX,1998,TRUE
ABOG (OB/GYN),1427224013,JILL DANFORD,TX,2013,TRUE
ABOG (OB/GYN),1134186539,JOSEPH SCHAFFER,TX,1994,TRUE
ABOG (OB/GYN),1952857385,KATHRYN WILLIAMS,TX,2016,TRUE
ABOG (OB/GYN),1134153067,KEVIN O'NEIL,TX,1999,TRUE
ABOG (OB/GYN),1003818394,KIMBERLY MILLER-MILES,TX,2007,TRUE
ABOG (OB/GYN),1255534285,MANHAN VU,TX,2010,TRUE
ABOG (OB/GYN),1841582517,MARIA FLORIAN-RODRIGUEZ,TX,2016,TRUE
ABOG (OB/GYN),1588714596,MARIO NUTIS,TX,2009,TRUE
ABOG (OB/GYN),1285664250,MARK GRIFFO,TX,1997,TRUE
ABOG (OB/GYN),1467418855,MARLENE CORTON,TX,2000,TRUE
ABOG (OB/GYN),1225053622,MICHAEL CARLEY,TX,2004,TRUE
ABOG (OB/GYN),1346273034,MURIEL BOREHAM,TX,2005,TRUE
ABOG (OB/GYN),1609842178,NINA DERESKA,TX,2005,TRUE
ABOG (OB/GYN),1174815880,PAUL SLOCUM,TX,2017,TRUE
ABOG (OB/GYN),1851353791,PAUL YANDELL,TX,1990,TRUE
ABOG (OB/GYN),1407090319,PEDRO MALDONADO,TX,2014,TRUE
ABOG (OB/GYN),1639171903,PETER LOTZE,TX,2003,TRUE
ABOG (OB/GYN),1245677582,RACHEL HIGH,TX,2021,TRUE
ABOG (OB/GYN),1497999197,REBECCA JAMES,TX,2015,TRUE
ABOG (OB/GYN),1205818234,RICHARD FARNAM,TX,2008,TRUE
ABOG (OB/GYN),1497834345,ROBERT ASGHARIAN,TX,2006,TRUE
ABOG (OB/GYN),1003002627,SAMATHA KADIYALA,TX,2009,TRUE
ABOG (OB/GYN),1689665846,SCOTT KAMBISS,TX,1999,TRUE
ABOG (OB/GYN),1861502627,SHAYZREEN ROSHANRAVAN,TX,2008,TRUE
ABOG (OB/GYN),1508177718,SOLAFA ELSHATANOUFY,TX,2017,TRUE
ABOG (OB/GYN),1053425942,SUNIL BALGOBIN,TX,2007,TRUE
ABOG (OB/GYN),1376642207,SYLVIA BOTROS,TX,2007,TRUE
ABOG (OB/GYN),1295922516,TEODORO MONTOYA,TX,2011,TRUE
ABOG (OB/GYN),1255330064,TERESA IRWIN,TX,2002,TRUE
ABOG (OB/GYN),1538170261,TERESA KOWALCZYK,TX,1999,TRUE
ABOG (OB/GYN),1275717431,TERRI-ANN SAMUELS,TX,2010,TRUE
ABOG (OB/GYN),1346233848,TIMOTHY SANDMANN,TX,1993,TRUE
ABOG (OB/GYN),1265494827,TOMAS ANTONINI,TX,2006,TRUE
ABOG (OB/GYN),1306806773,TRISTI MUIR,TX,1999,TRUE
ABOG (OB/GYN),1144286014,VIVIAN AGUILAR,TX,2004,TRUE
ABOG (OB/GYN),1548369424,YASSER ZEID,TX,2000,TRUE
ABOG (OB/GYN),1770719239,AUDRA HILL,UT,2016,TRUE
ABOG (OB/GYN),1275571804,PETER DREWES,UT,2002,TRUE
ABOG (OB/GYN),1760495055,YVONNE HSU,UT,2009,TRUE
ABOG (OB/GYN),1154539062,ASHLEY CARROLL,VA,2010,TRUE
ABOG (OB/GYN),1528028305,B. CLARY,VA,2006,TRUE
ABOG (OB/GYN),1689732422,BRUCE ROWE,VA,1990,TRUE
ABOG (OB/GYN),1699736629,BUNAN ALNAIF,VA,1999,TRUE
ABOG (OB/GYN),1962793604,CHARELLE CARTER-BROOKS,VA,2016,TRUE
ABOG (OB/GYN),1528013620,CHRISTOPHER WALSHE,VA,1996,TRUE
ABOG (OB/GYN),1518046275,EDWARD GILL,VA,1997,TRUE
ABOG (OB/GYN),1467572263,ELISA TROWBRIDGE,VA,2003,TRUE
ABOG (OB/GYN),1174605091,GEORGE CRAFT,VA,1997,TRUE
ABOG (OB/GYN),1497722839,GHIAS RANA,VA,2009,TRUE
ABOG (OB/GYN),1356558050,JAMES DAUCHER,VA,2011,TRUE
ABOG (OB/GYN),1194750414,JEFFREY WELGOSS,VA,1992,TRUE
ABOG (OB/GYN),1669537601,JOHNNIE WRIGHT,VA,2003,TRUE
ABOG (OB/GYN),1871584631,KATHERINE HILSINGER,VA,1993,TRUE
ABOG (OB/GYN),1548339153,KATHIE HULLFISH,VA,1998,TRUE
ABOG (OB/GYN),1467461038,KINDRA LARSON,VA,2008,TRUE
ABOG (OB/GYN),1982022877,LINDA BURKETT,VA,2019,TRUE
ABOG (OB/GYN),1497749907,MARIA CANTER,VA,2007,TRUE
ABOG (OB/GYN),1437181484,MARY BURNS,VA,1998,TRUE
ABOG (OB/GYN),1003898941,MATTHEW TOMPKINS,VA,2001,TRUE
ABOG (OB/GYN),1104117357,MEGAN SHANNON,VA,2017,TRUE
ABOG (OB/GYN),1689873929,MEGHANA GOWDA,VA,2011,TRUE
ABOG (OB/GYN),1720344591,MONIQUE VAUGHAN,VA,2019,TRUE
ABOG (OB/GYN),1942230040,NATHAN GUERETTE,VA,2006,TRUE
ABOG (OB/GYN),1750391355,NAVED JAFRI,VA,2003,TRUE
ABOG (OB/GYN),1407881790,NICOLETTE HORBACH,VA,1988,TRUE
ABOG (OB/GYN),1174750590,QUINN LIPPMANN,VA,2014,TRUE
ABOG (OB/GYN),1700273307,RAHEL GHENBOT,VA,2021,TRUE
ABOG (OB/GYN),1093911802,RAMZI ABOUJAOUDE,VA,2009,TRUE
ABOG (OB/GYN),1407821291,REBECCA RYDER,VA,1995,TRUE
ABOG (OB/GYN),1790280352,SARAH EVANS,VA,2018,TRUE
ABOG (OB/GYN),1477521110,SEYED SHOBEIRI,VA,2004,TRUE
ABOG (OB/GYN),1447236906,STUART SHIPPEY,VA,2006,TRUE
ABOG (OB/GYN),1487662748,TIMOTHY HARDY,VA,1991,TRUE
ABOG (OB/GYN),1184685976,TOVIA SMITH,VA,2012,TRUE
ABOG (OB/GYN),1023043361,WALTER VON PECHMANN,VA,2005,TRUE
ABOG (OB/GYN),1760690440,WILLIAM GREER,VA,2012,TRUE
ABOG (OB/GYN),1932154895,ANNE VISELLI,VT,1994,TRUE
ABOG (OB/GYN),1740308808,JEANETTE RIVERA,VT,2006,TRUE
ABOG (OB/GYN),1609080233,REBECCA SHAFFER,VT,2015,TRUE
ABOG (OB/GYN),1174783427,AEUMURO LAKE,WA,2014,TRUE
ABOG (OB/GYN),1679548341,AMY O'BOYLE,WA,2000,TRUE
ABOG (OB/GYN),1831394568,ANNA KIRBY,WA,2012,TRUE
ABOG (OB/GYN),1922110972,AUDREY TARR,WA,2002,TRUE
ABOG (OB/GYN),1194091074,BIRTE WOLFF,WA,2017,TRUE
ABOG (OB/GYN),1902895816,CYNTHIA LEWIS,WA,2008,TRUE
ABOG (OB/GYN),1467544460,CYNTHIA MOSBRUCKER,WA,1996,TRUE
ABOG (OB/GYN),1750766796,DANIELLE PRICE,WA,2011,TRUE
ABOG (OB/GYN),1538246152,DEBRA RAVASIA,WA,2003,TRUE
ABOG (OB/GYN),1669575163,DWIGHT POEHLMANN,WA,1995,TRUE
ABOG (OB/GYN),1255419610,GRETCHEN LENTZ,WA,1993,TRUE
ABOG (OB/GYN),1396711529,JEFFREY CLEMONS,WA,1997,TRUE
ABOG (OB/GYN),1225086424,JULIE LACOMBE,WA,2007,TRUE
ABOG (OB/GYN),1639157613,KATHRYN ARENDT,WA,1998,TRUE
ABOG (OB/GYN),1720251523,KRISTA REAGAN,WA,2015,TRUE
ABOG (OB/GYN),1710954375,LARRY SMITH,WA,2003,TRUE
ABOG (OB/GYN),1265409916,LYNN OSMUNDSEN,WA,1996,TRUE
ABOG (OB/GYN),1912087982,MICHAEL FIALKOW,WA,2005,TRUE
ABOG (OB/GYN),1659333615,RICHARD WASSERMAN,WA,2010,TRUE
ABOG (OB/GYN),1700063187,SARAH HAMMIL,WA,2011,TRUE
ABOG (OB/GYN),1659479830,SUSAN KUPFERMAN,WA,2006,TRUE
ABOG (OB/GYN),1760775498,TOY LEE,WA,2016,TRUE
ABOG (OB/GYN),1861413965,WILLIAM SILVA,WA,2006,TRUE
ABOG (OB/GYN),1114487873,WILLIAM SU,WA,1994,TRUE
ABOG (OB/GYN),1174597579,ANURADHA RAMAN,WI,2003,TRUE
ABOG (OB/GYN),1548279896,CHRISTINE HEISLER,WI,2008,TRUE
ABOG (OB/GYN),1407888647,DENNIS MILLER,WI,1991,TRUE
ABOG (OB/GYN),1659344422,DOBIE GILES,WI,2011,TRUE
ABOG (OB/GYN),1750644415,EMILY DAVIDSON,WI,2019,TRUE
ABOG (OB/GYN),1184617862,ENRIQUE AFRICANO,WI,1982,TRUE
ABOG (OB/GYN),1932399193,HEIDI BROWN,WI,2014,TRUE
ABOG (OB/GYN),1811156185,JAMIE CHAO,WI,2015,TRUE
ABOG (OB/GYN),1316205578,JASON CRUFF,WI,2017,TRUE
ABOG (OB/GYN),1154438265,JOHN UTRIE,WI,1995,TRUE
ABOG (OB/GYN),1568889756,JON PENNYCUFF,WI,2019,TRUE
ABOG (OB/GYN),1528010295,JULIANNE NEWCOMER,WI,1993,TRUE
ABOG (OB/GYN),1407559438,KATHERINE STEVENSON,WI,1997,TRUE
ABOG (OB/GYN),1851386213,KENNETH OSTERMANN,WI,1993,TRUE
ABOG (OB/GYN),1063754125,PRERNA PANDYA,WI,2018,TRUE
ABOG (OB/GYN),1972602852,SARIT ASCHKENAZI-STEINBERG,WI,2006,TRUE
ABOG (OB/GYN),1942252762,SUMANA KODURI,WI,2003,TRUE
ABOG (OB/GYN),1740448828,TRACY CAPES,WI,2011,TRUE
ABOG (OB/GYN),1518046499,YOON CHUN,WI,2003,TRUE
ABOG (OB/GYN),1659431096,BERNARD LUBY,WV,1986,TRUE
ABOG (OB/GYN),1629037908,KEVIN CONAWAY,WV,1997,TRUE
ABOG (OB/GYN),1275503229,LEKHA HOTA,WV,2006,TRUE
ABOG (OB/GYN),1275778680,OMAR DUENAS,WV,2015,TRUE
ABOG (OB/GYN),1063404556,ROBERT SHAPIRO,WV,2007,TRUE
ABOG (OB/GYN),1275584872,SUSAN CAPELLE,WV,1997,TRUE
ABOG (OB/GYN),1831307388,ALICIA BALLARD,AL,2013,FALSE
ABOG (OB/GYN),1821051434,CHRISTY GUEPET,AL,2004,FALSE
ABOG (OB/GYN),1992817969,MICHAEL HIBNER,AZ,2004,FALSE
ABOG (OB/GYN),1053424127,ABRAHAM SKLAR,CA,1990,FALSE
ABOG (OB/GYN),1326115247,ADRIENNE ZAZZI,CA,1985,FALSE
ABOG (OB/GYN),1073740999,ANDREW WALTER,CA,1997,FALSE
ABOG (OB/GYN),1396753596,BEGUM OZEL,CA,2006,FALSE
ABOG (OB/GYN),1922420199,CARRIE JUNG,CA,2018,FALSE
ABOG (OB/GYN),1891942512,CHRISTINA LIAO,CA,2014,FALSE
ABOG (OB/GYN),1629145537,CURT BOUMA,CA,2005,FALSE
ABOG (OB/GYN),1861755290,DIVYA ARUNACHALAM,CA,2017,FALSE
ABOG (OB/GYN),1871878678,EMILY ADAMS-PIPER,CA,2015,FALSE
ABOG (OB/GYN),1588652143,HEIDI WITTENBERG,CA,2002,FALSE
ABOG (OB/GYN),1649391954,HIREN PATEL,CA,2011,FALSE
ABOG (OB/GYN),1043396567,KAREN GARCIA,CA,1997,FALSE
ABOG (OB/GYN),1821178096,KAREN NOBLETT,CA,2000,FALSE
ABOG (OB/GYN),1316019128,KAREN SIMPSON,CA,1990,FALSE
ABOG (OB/GYN),1972797116,KARL LUBER,CA,1993,FALSE
ABOG (OB/GYN),1528001617,LARRY BOWEN,CA,1987,FALSE
ABOG (OB/GYN),1447338124,MICHAEL MADDOX,CA,1985,FALSE
ABOG (OB/GYN),1629157367,MICHAEL NWYNN,CA,1995,FALSE
ABOG (OB/GYN),1013095900,MICHAEL WAGNER,CA,1989,FALSE
ABOG (OB/GYN),1982708921,NARENDER BHATIA,CA,1981,FALSE
ABOG (OB/GYN),1588800361,REBECCA NELKEN,CA,2008,FALSE
ABOG (OB/GYN),1013109495,SALLIS YIP,CA,2010,FALSE
ABOG (OB/GYN),1407923352,SUDHA REDDY,CA,2002,FALSE
ABOG (OB/GYN),1053528737,TAJNOOS YAZDANY,CA,2007,FALSE
ABOG (OB/GYN),1265405526,TAM LE,CA,2010,FALSE
ABOG (OB/GYN),1952612178,TATIANA CATANZARITE,CA,2015,FALSE
ABOG (OB/GYN),1629113196,THOMAS MAYELI,CA,2009,FALSE
ABOG (OB/GYN),1558616607,JOHN JOYCE,CO,2010,FALSE
ABOG (OB/GYN),1114048329,JONATHAN SHEPHERD,CT,2012,FALSE
ABOG (OB/GYN),1780694919,KENNETH BLAU,CT,1985,FALSE
ABOG (OB/GYN),1982693404,ANITA CHEN,FL,1998,FALSE
ABOG (OB/GYN),1366519167,JAIME SEPULVEDA,FL,1993,FALSE
ABOG (OB/GYN),1861416844,JESSICA FERANEC,FL,2006,FALSE
ABOG (OB/GYN),1720037724,KRISTIN JACKSON,FL,2003,FALSE
ABOG (OB/GYN),1427057215,LINDA KILEY,FL,1996,FALSE
ABOG (OB/GYN),1457551277,MEADOW GOOD,FL,2013,FALSE
ABOG (OB/GYN),1689663304,PAUL PETTIT,FL,1983,FALSE
ABOG (OB/GYN),1073578654,RALPH ZIPPER,FL,1998,FALSE
ABOG (OB/GYN),1710110622,RUCHIRA SINGH,FL,2017,FALSE
ABOG (OB/GYN),1972539146,ANNE WISKIND,GA,1993,FALSE
ABOG (OB/GYN),1538108766,DAVID BYCK,GA,1992,FALSE
ABOG (OB/GYN),1336254028,DOCILE SAGUAN,GA,2009,FALSE
ABOG (OB/GYN),1619149515,JAMIL HARP,GA,2013,FALSE
ABOG (OB/GYN),1023068525,MARIA HERNANDEZ,IA,2014,FALSE
ABOG (OB/GYN),1154334209,TONDALAYA GAMBLE,IL,2000,FALSE
ABOG (OB/GYN),1386623254,DOUGLASS HALE,IN,1996,FALSE
ABOG (OB/GYN),1205839560,RICHARD SANDEFUR,IN,1981,FALSE
ABOG (OB/GYN),1467443770,ABRAHAM MORSE,MA,2002,FALSE
ABOG (OB/GYN),1447466636,PADMASINI KANDADAI,MA,2010,FALSE
ABOG (OB/GYN),1730380122,JACQUELINE CUNKELMAN,MD,2010,FALSE
ABOG (OB/GYN),1578730370,KATHERINE DENGLER,MD,2014,FALSE
ABOG (OB/GYN),1730139163,VICTORIA HANDA,MD,1992,FALSE
ABOG (OB/GYN),1437260973,GREGORY GIMBEL,ME,1985,FALSE
ABOG (OB/GYN),1538252747,DEE FENNER,MI,1991,FALSE
ABOG (OB/GYN),1417216896,EMILY ENGLISH,MI,2017,FALSE
ABOG (OB/GYN),1053332296,HUSAM ABED,MI,2008,FALSE
ABOG (OB/GYN),1144230889,ANNA MCNANLEY,MN,2009,FALSE
ABOG (OB/GYN),1346226743,RAGNVALD MJANGER,MN,2000,FALSE
ABOG (OB/GYN),1508209321,CHRISTOPHER ROBERTS,MO,1999,FALSE
ABOG (OB/GYN),1982633475,ROBERT ROGERS,MT,1986,FALSE
ABOG (OB/GYN),1750464996,CINDY AMUNDSEN,NC,1997,FALSE
ABOG (OB/GYN),1962755249,GEORGE STONE,NC,2021,FALSE
ABOG (OB/GYN),1568446151,JENNIFER WU,NC,2006,FALSE
ABOG (OB/GYN),1881759827,PAMELA LEVIN,NJ,2016,FALSE
ABOG (OB/GYN),1780662601,BRUCE CRAWFORD,NV,1999,FALSE
ABOG (OB/GYN),1306845680,AMBEREEN SLEEMI,NY,2002,FALSE
ABOG (OB/GYN),1982613659,BRIAN HINES,NY,2003,FALSE
ABOG (OB/GYN),1356354252,HAROUTYOUN MARGOSSIAN,NY,2001,FALSE
ABOG (OB/GYN),1669514279,HILARY CHOLHAN,NY,1992,FALSE
ABOG (OB/GYN),1295706711,MICHAEL BRODMAN,NY,1988,FALSE
ABOG (OB/GYN),1912227463,TANAKA DUNE,NY,2014,FALSE
ABOG (OB/GYN),1134263338,JASON MASSENGILL,OH,2010,FALSE
ABOG (OB/GYN),1639168909,JOSEPH NOVI,OH,1998,FALSE
ABOG (OB/GYN),1124339148,KARL JALLAD,OH,2015,FALSE
ABOG (OB/GYN),1609802412,MARK WALTERS,OH,1987,FALSE
ABOG (OB/GYN),1851375000,MARTIN JACOB,OK,1987,FALSE
ABOG (OB/GYN),1841387313,LANITA WITT,OR,1982,FALSE
ABOG (OB/GYN),1871546242,SUSAN HOBSON,OR,2005,FALSE
ABOG (OB/GYN),1912223645,ERIN LAVELLE,PA,2015,FALSE
ABOG (OB/GYN),1063632321,NAZANIN SILVER,PA,2012,FALSE
ABOG (OB/GYN),1487622239,SPYRIDON MARINIS,PA,2008,FALSE
ABOG (OB/GYN),1265458137,DEBORAH MYERS,RI,1987,FALSE
ABOG (OB/GYN),1295814390,GREGORY GLOVER,SC,1988,FALSE
ABOG (OB/GYN),1629052253,JORGE PEACHER,SC,1990,FALSE
ABOG (OB/GYN),1255423182,ANTHONY O'CONNELL,TX,2002,FALSE
ABOG (OB/GYN),1588689301,MICHAEL ENGLAND,TX,2000,FALSE
ABOG (OB/GYN),1134357593,VANEESHA VALLABH-PATEL,TX,2015,FALSE
ABOG (OB/GYN),1780749820,JONATHAN GLEASON,VA,2013,FALSE
ABOG (OB/GYN),1467426932,JOY GREER,VA,2007,FALSE
ABOG (OB/GYN),1114210572,LAUREN SCOTT,VA,2014,FALSE
ABOG (OB/GYN),1639490337,LAUREN SIFF,VA,2016,FALSE
ABOG (OB/GYN),1972820322,NATALIE KARP,VA,2016,FALSE
ABOG (OB/GYN),1275506487,SHANNON LAMB,VA,2009,FALSE
ABOG (OB/GYN),1225177116,ADRIANNE WESOL,WA,2000,FALSE
ABOG (OB/GYN),1477705168,BLAIR WASHINGTON,WA,2011,FALSE
ABOG (OB/GYN),1487664413,DANICA BLOOMQUIST,WA,2006,FALSE
ABOG (OB/GYN),1669584199,GEORGE MCCLURE,WA,1991,FALSE
ABOG (OB/GYN),1164900080,JAMES RICE,WA,1987,FALSE
ABOG (OB/GYN),1659328201,BRUCE DRUMMOND,WI,1999,FALSE
ABOG (OB/GYN),1912939158,HENRY KAMINSKI,WI,1989,FALSE
ABOG (OB/GYN),1457360869,REBECCA ENGLAND,WI,2004,FALSE
