npi,has_nonop_anchor
1003002627,FALSE
1003014986,FALSE
1003024746,FALSE
1003047515,FALSE
1003071036,FALSE
1003097692,FALSE
1003128372,FALSE
1003136151,TRUE
1003158809,TRUE
1003179581,FALSE
1003182270,FALSE
1003243361,FALSE
1003461831,FALSE
1003806514,TRUE
1003818394,FALSE
1003839234,FALSE
1003843517,FALSE
1003847237,FALSE
1003863945,TRUE
1003865874,FALSE
1003872227,FALSE
1003877002,FALSE
1003882564,FALSE
1003887456,TRUE
1003898941,FALSE
1003911801,FALSE
1003915968,FALSE
1003919960,FALSE
1003922436,FALSE
1003958539,FALSE
1003971060,TRUE
1003984964,FALSE
1013059781,FALSE
1013085174,FALSE
1013088400,TRUE
1013095900,FALSE
1013109495,FALSE
1013111608,TRUE
1013114453,TRUE
1013125772,FALSE
1013157734,TRUE
1013278845,TRUE
1013350743,FALSE
1013905884,FALSE
1013908037,TRUE
1013921956,FALSE
1013926922,FALSE
1013951128,TRUE
1013980416,FALSE
1013989615,FALSE
1023007887,FALSE
1023019023,FALSE
1023032638,FALSE
1023037538,FALSE
1023043361,FALSE
1023068525,TRUE
1023087699,FALSE
1023090073,TRUE
1023094976,TRUE
1023108248,FALSE
1023108966,FALSE
1023109253,FALSE
1023120573,FALSE
1023151115,FALSE
1023161262,TRUE
1023243409,FALSE
1023261237,FALSE
1023271681,FALSE
1023276565,FALSE
1023307360,TRUE
1023351970,FALSE
1023368370,FALSE
1023451564,FALSE
1023469079,FALSE
1023512373,FALSE
1033103072,FALSE
1033141312,FALSE
1033147590,FALSE
1033164231,FALSE
1033168547,FALSE
1033173752,TRUE
1033174644,FALSE
1033180286,FALSE
1033181300,FALSE
1033185228,TRUE
1033189089,FALSE
1033230354,FALSE
1033264098,FALSE
1033266879,FALSE
1033278056,FALSE
1033299698,FALSE
1033314422,TRUE
1033316294,FALSE
1033324793,FALSE
1033347315,FALSE
1033366927,TRUE
1033373139,FALSE
1033373436,FALSE
1033400957,FALSE
1033435367,TRUE
1033447578,FALSE
1033471131,FALSE
1033475025,FALSE
1043211626,TRUE
1043219512,FALSE
1043229529,FALSE
1043234040,FALSE
1043250269,FALSE
1043250566,FALSE
1043257173,FALSE
1043262777,FALSE
1043263130,TRUE
1043266620,FALSE
1043268501,FALSE
1043283773,TRUE
1043316912,FALSE
1043338395,FALSE
1043377237,TRUE
1043384282,FALSE
1043389745,FALSE
1043396567,FALSE
1043396625,FALSE
1043403363,FALSE
1043421860,FALSE
1043432123,FALSE
1043449275,FALSE
1043464704,FALSE
1043470024,TRUE
1043489586,FALSE
1043502677,TRUE
1043505852,FALSE
1043522410,FALSE
1043577448,FALSE
1043581994,TRUE
1043627581,TRUE
1043638489,TRUE
1043659584,FALSE
1043659634,FALSE
1053314211,FALSE
1053316570,FALSE
1053321745,FALSE
1053332296,TRUE
1053334532,TRUE
1053350199,FALSE
1053350223,FALSE
1053376764,FALSE
1053378729,FALSE
1053385195,FALSE
1053421024,TRUE
1053424127,TRUE
1053425942,TRUE
1053471433,FALSE
1053498980,TRUE
1053528299,FALSE
1053528737,TRUE
1053554527,TRUE
1053572792,FALSE
1053579490,FALSE
1053579698,FALSE
1053607523,FALSE
1053639500,FALSE
1053657189,FALSE
1053671362,TRUE
1053677005,TRUE
1053756197,FALSE
1053759472,TRUE
1053799395,TRUE
1063404556,FALSE
1063421634,FALSE
1063425965,FALSE
1063429322,TRUE
1063430171,FALSE
1063436988,FALSE
1063437127,FALSE
1063444180,FALSE
1063463131,TRUE
1063464089,FALSE
1063474526,FALSE
1063474864,FALSE
1063476190,FALSE
1063477404,FALSE
1063488617,FALSE
1063494193,FALSE
1063494912,FALSE
1063496735,FALSE
1063539211,FALSE
1063603967,FALSE
1063609790,FALSE
1063611762,FALSE
1063615185,FALSE
1063622959,TRUE
1063632321,TRUE
1063649051,FALSE
1063683936,TRUE
1063684520,FALSE
1063696763,FALSE
1063705374,TRUE
1063746840,FALSE
1063754125,FALSE
1063760387,TRUE
1063765576,TRUE
1063767952,FALSE
1063859726,TRUE
1073142923,FALSE
1073505525,FALSE
1073505681,TRUE
1073531083,FALSE
1073532461,FALSE
1073552048,FALSE
1073578654,TRUE
1073581294,FALSE
1073583241,FALSE
1073589909,FALSE
1073597894,FALSE
1073601365,FALSE
1073606455,TRUE
1073644316,FALSE
1073708848,TRUE
1073721635,FALSE
1073727228,FALSE
1073730891,FALSE
1073740999,TRUE
1073748265,FALSE
1073751731,TRUE
1073752556,FALSE
1073767026,TRUE
1073774782,TRUE
1073787750,FALSE
1073788634,FALSE
1073801965,FALSE
1073802310,FALSE
1073837837,FALSE
1073958773,FALSE
1083033179,FALSE
1083613616,FALSE
1083620421,TRUE
1083630750,FALSE
1083631055,FALSE
1083649727,FALSE
1083656912,FALSE
1083658181,TRUE
1083658348,FALSE
1083666721,FALSE
1083682660,TRUE
1083693188,TRUE
1083730352,FALSE
1083748966,TRUE
1083751184,FALSE
1083766455,FALSE
1083783823,TRUE
1083786883,FALSE
1083808265,FALSE
1083811186,FALSE
1083845788,TRUE
1083855332,FALSE
1083860753,TRUE
1083862247,FALSE
1083872329,TRUE
1083875652,FALSE
1083902068,TRUE
1083962278,FALSE
1083970065,TRUE
1083974885,TRUE
1093031676,TRUE
1093039869,TRUE
1093074486,TRUE
1093285223,FALSE
1093394454,FALSE
1093705469,TRUE
1093742439,FALSE
1093746885,FALSE
1093752925,FALSE
1093758963,FALSE
1093765919,FALSE
1093768145,FALSE
1093776056,TRUE
1093894297,FALSE
1093895567,FALSE
1093909228,FALSE
1093911802,FALSE
1093926396,FALSE
1093929358,FALSE
1093966269,FALSE
1093999740,FALSE
1104021559,FALSE
1104023829,TRUE
1104028620,FALSE
1104050475,TRUE
1104060425,TRUE
1104087014,TRUE
1104089655,FALSE
1104117357,FALSE
1104142439,FALSE
1104182179,TRUE
1104183938,FALSE
1104263441,FALSE
1104263698,FALSE
1104801471,TRUE
1104812726,TRUE
1104813633,TRUE
1104827583,FALSE
1104851443,FALSE
1104859164,TRUE
1104897396,FALSE
1104901065,FALSE
1104928498,FALSE
1104956408,FALSE
1104986553,FALSE
1104995356,FALSE
1114007770,FALSE
1114016144,TRUE
1114048329,FALSE
1114074101,FALSE
1114120490,FALSE
1114121571,FALSE
1114125051,FALSE
1114127081,FALSE
1114127735,FALSE
1114129541,FALSE
1114152543,FALSE
1114153822,FALSE
1114157138,TRUE
1114183977,FALSE
1114210572,FALSE
1114226396,FALSE
1114285350,FALSE
1114345014,TRUE
1114363496,FALSE
1114487873,TRUE
1114926904,FALSE
1114964202,FALSE
1114974557,TRUE
1114986817,FALSE
1114995131,FALSE
1124006044,FALSE
1124012125,FALSE
1124018528,TRUE
1124020540,FALSE
1124024252,TRUE
1124042346,FALSE
1124063441,FALSE
1124095278,TRUE
1124140405,FALSE
1124148937,FALSE
1124173570,FALSE
1124176953,FALSE
1124179841,FALSE
1124226477,FALSE
1124227566,FALSE
1124231998,FALSE
1124255922,FALSE
1124256854,FALSE
1124259213,FALSE
1124262522,FALSE
1124280524,TRUE
1124280581,FALSE
1124288329,FALSE
1124315304,TRUE
1124330469,FALSE
1124339148,TRUE
1124352315,FALSE
1124384599,TRUE
1124387006,FALSE
1124432273,TRUE
1134104482,FALSE
1134109630,TRUE
1134115827,FALSE
1134143290,FALSE
1134153067,FALSE
1134159106,FALSE
1134179138,FALSE
1134186539,FALSE
1134207046,FALSE
1134214802,TRUE
1134224959,TRUE
1134263338,TRUE
1134280076,FALSE
1134328495,FALSE
1134328800,FALSE
1134331671,FALSE
1134354954,TRUE
1134357015,FALSE
1134357593,TRUE
1134383508,FALSE
1134391931,FALSE
1134415029,TRUE
1134448657,TRUE
1134548100,FALSE
1134548381,FALSE
1134582034,FALSE
1144205634,FALSE
1144212424,FALSE
1144230889,FALSE
1144244005,TRUE
1144248691,FALSE
1144251760,FALSE
1144263765,TRUE
1144275132,FALSE
1144282484,FALSE
1144286014,FALSE
1144302720,FALSE
1144311291,FALSE
1144318445,FALSE
1144374174,FALSE
1144387432,FALSE
1144397035,FALSE
1144421009,TRUE
1144423542,FALSE
1144428038,TRUE
1144451931,TRUE
1144455882,FALSE
1144456880,TRUE
1144477530,FALSE
1144480427,TRUE
1144482340,FALSE
1144486929,FALSE
1144489972,FALSE
1144497728,FALSE
1144517699,TRUE
1144517921,TRUE
1144549262,FALSE
1144634502,TRUE
1144640608,FALSE
1144801119,FALSE
1144807694,FALSE
1144984899,FALSE
1154301984,FALSE
1154306702,FALSE
1154307239,TRUE
1154334209,TRUE
1154345775,FALSE
1154349181,FALSE
1154372068,FALSE
1154385417,TRUE
1154388171,FALSE
1154390714,FALSE
1154393205,FALSE
1154393411,FALSE
1154397677,TRUE
1154438265,FALSE
1154476190,FALSE
1154539062,FALSE
1154555340,FALSE
1154576072,FALSE
1154581304,TRUE
1154587020,FALSE
1154619500,FALSE
1154631273,FALSE
1154672152,TRUE
1154687150,TRUE
1154689024,TRUE
1154748119,TRUE
1164407540,TRUE
1164410643,FALSE
1164431052,FALSE
1164445276,FALSE
1164450508,FALSE
1164453585,TRUE
1164510533,FALSE
1164519930,FALSE
1164521035,FALSE
1164599973,FALSE
1164600342,FALSE
1164613931,TRUE
1164622270,FALSE
1164642237,FALSE
1164681987,FALSE
1164697876,FALSE
1164711107,FALSE
1164711537,FALSE
1164714788,TRUE
1164716791,FALSE
1164800686,TRUE
1164859955,TRUE
1164866281,TRUE
1164876256,TRUE
1164900080,TRUE
1174376545,FALSE
1174500128,FALSE
1174503866,FALSE
1174518401,FALSE
1174529929,FALSE
1174536395,FALSE
1174543698,FALSE
1174559603,FALSE
1174580393,FALSE
1174593644,FALSE
1174595219,FALSE
1174597579,FALSE
1174601801,FALSE
1174601868,FALSE
1174605091,FALSE
1174643357,FALSE
1174691430,FALSE
1174695647,FALSE
1174707608,TRUE
1174726426,FALSE
1174727770,FALSE
1174750590,FALSE
1174758031,TRUE
1174773287,FALSE
1174780381,TRUE
1174782635,FALSE
1174783427,FALSE
1174813091,FALSE
1174815880,TRUE
1174818819,FALSE
1174846372,TRUE
1174966808,TRUE
1184005670,FALSE
1184044182,FALSE
1184186256,FALSE
1184615452,FALSE
1184617862,FALSE
1184633638,FALSE
1184649261,FALSE
1184654311,TRUE
1184670408,FALSE
1184681736,FALSE
1184685299,TRUE
1184685976,FALSE
1184693939,FALSE
1184704264,FALSE
1184705501,FALSE
1184707572,FALSE
1184714032,FALSE
1184720906,FALSE
1184735508,FALSE
1184736514,FALSE
1184792525,FALSE
1184811614,FALSE
1184824229,TRUE
1184825135,FALSE
1184827933,FALSE
1184839854,FALSE
1184852378,FALSE
1184866980,TRUE
1184882524,TRUE
1184884645,FALSE
1184885576,FALSE
1184887853,TRUE
1184891244,FALSE
1184910879,TRUE
1184914046,TRUE
1184917544,FALSE
1184990889,TRUE
1194026690,TRUE
1194045740,TRUE
1194068197,TRUE
1194078717,FALSE
1194081422,FALSE
1194081539,FALSE
1194091074,TRUE
1194143073,TRUE
1194152348,FALSE
1194475749,FALSE
1194700831,TRUE
1194702001,TRUE
1194717363,FALSE
1194717991,FALSE
1194720060,FALSE
1194721498,FALSE
1194728675,FALSE
1194731604,TRUE
1194735753,TRUE
1194750414,FALSE
1194759548,FALSE
1194772020,FALSE
1194786897,FALSE
1194806323,FALSE
1194816678,TRUE
1194818302,TRUE
1194821843,FALSE
1194830505,FALSE
1194844019,FALSE
1194859108,FALSE
1205001351,FALSE
1205010980,FALSE
1205022746,FALSE
1205032281,FALSE
1205060381,TRUE
1205074085,FALSE
1205092178,TRUE
1205102092,FALSE
1205120862,FALSE
1205129830,FALSE
1205144755,TRUE
1205152154,FALSE
1205179611,TRUE
1205210457,TRUE
1205243912,FALSE
1205333036,FALSE
1205804374,FALSE
1205806544,TRUE
1205808904,FALSE
1205811205,FALSE
1205815636,TRUE
1205817939,TRUE
1205818234,FALSE
1205819505,FALSE
1205824224,FALSE
1205834363,FALSE
1205836251,FALSE
1205839560,TRUE
1205865524,FALSE
1205867942,FALSE
1205868445,FALSE
1205878204,TRUE
1205880911,FALSE
1205886850,TRUE
1205912847,FALSE
1205914041,FALSE
1205924883,FALSE
1205950003,FALSE
1205953668,TRUE
1205957404,FALSE
1205981230,FALSE
1215005160,TRUE
1215011184,FALSE
1215035407,FALSE
1215042205,FALSE
1215091905,FALSE
1215102942,FALSE
1215128699,FALSE
1215154570,TRUE
1215163472,FALSE
1215181029,FALSE
1215195516,FALSE
1215198080,FALSE
1215203559,TRUE
1215340336,FALSE
1215370879,FALSE
1215376223,TRUE
1215900212,FALSE
1215907084,FALSE
1215916093,FALSE
1215916770,FALSE
1215919477,FALSE
1215920418,FALSE
1215928593,FALSE
1215954102,FALSE
1215963897,TRUE
1215978051,FALSE
1215991856,FALSE
1215994439,FALSE
1225012362,FALSE
1225022486,FALSE
1225034622,FALSE
1225039951,FALSE
1225051204,TRUE
1225053622,FALSE
1225068372,FALSE
1225081441,FALSE
1225086424,FALSE
1225093370,FALSE
1225096340,FALSE
1225099377,FALSE
1225103831,TRUE
1225125669,FALSE
1225128713,FALSE
1225158132,FALSE
1225177116,FALSE
1225203169,FALSE
1225233489,FALSE
1225241979,FALSE
1225242597,FALSE
1225268535,TRUE
1225294689,FALSE
1225294762,FALSE
1225300726,FALSE
1225316755,TRUE
1225323678,FALSE
1225328636,FALSE
1225342868,FALSE
1225357395,FALSE
1225473101,FALSE
1235104787,FALSE
1235123787,FALSE
1235125220,FALSE
1235164104,FALSE
1235164120,TRUE
1235164476,FALSE
1235164500,FALSE
1235169244,FALSE
1235173964,FALSE
1235178526,FALSE
1235189069,FALSE
1235192170,FALSE
1235192584,FALSE
1235213109,FALSE
1235214982,TRUE
1235235870,TRUE
1235248303,FALSE
1235261918,FALSE
1235286709,TRUE
1235306457,FALSE
1235333725,TRUE
1235398587,TRUE
1235399130,FALSE
1235425521,TRUE
1235455684,FALSE
1235457151,TRUE
1235529652,FALSE
1235558982,FALSE
1235573916,FALSE
1235574559,TRUE
1235674177,FALSE
1235800798,FALSE
1245204114,TRUE
1245215565,FALSE
1245225762,FALSE
1245234004,TRUE
1245248988,FALSE
1245263169,FALSE
1245295518,TRUE
1245296409,FALSE
1245313535,FALSE
1245334499,FALSE
1245379551,FALSE
1245390384,FALSE
1245393107,TRUE
1245417526,FALSE
1245448125,FALSE
1245469162,FALSE
1245473149,FALSE
1245494848,FALSE
1245498518,FALSE
1245498864,FALSE
1245506534,FALSE
1245551845,FALSE
1245572528,FALSE
1245573039,FALSE
1245573542,TRUE
1245596907,TRUE
1245597566,TRUE
1245611839,FALSE
1245674571,TRUE
1245677582,FALSE
1245679984,FALSE
1255081303,FALSE
1255305546,FALSE
1255313193,FALSE
1255321568,FALSE
1255328845,FALSE
1255330007,FALSE
1255330064,FALSE
1255334322,FALSE
1255346763,FALSE
1255360624,FALSE
1255362265,FALSE
1255367223,TRUE
1255374708,FALSE
1255381687,FALSE
1255382982,FALSE
1255395687,FALSE
1255398079,FALSE
1255417994,FALSE
1255419610,TRUE
1255423182,TRUE
1255474359,TRUE
1255489753,FALSE
1255534285,FALSE
1255545448,FALSE
1255549812,TRUE
1255566964,FALSE
1255568333,TRUE
1255571568,FALSE
1255592325,FALSE
1255592952,FALSE
1255595534,FALSE
1255636825,TRUE
1255645594,TRUE
1255659173,TRUE
1265403463,FALSE
1265405526,TRUE
1265409916,FALSE
1265410690,TRUE
1265412589,FALSE
1265416911,FALSE
1265451058,TRUE
1265458137,FALSE
1265465140,FALSE
1265466809,FALSE
1265482921,FALSE
1265488399,FALSE
1265494041,FALSE
1265494827,FALSE
1265497663,FALSE
1265497770,TRUE
1265527956,FALSE
1265545081,FALSE
1265589139,FALSE
1265593578,FALSE
1265607204,FALSE
1265607279,FALSE
1265643662,TRUE
1265648505,TRUE
1265691505,TRUE
1265698849,TRUE
1265708655,TRUE
1265750228,FALSE
1265753511,TRUE
1265765812,FALSE
1265863898,TRUE
1265871867,FALSE
1275013468,FALSE
1275372385,FALSE
1275502072,TRUE
1275503229,FALSE
1275506487,TRUE
1275509515,FALSE
1275561409,FALSE
1275570467,FALSE
1275571804,FALSE
1275574329,FALSE
1275582066,FALSE
1275584872,FALSE
1275596959,FALSE
1275637290,FALSE
1275639783,FALSE
1275678294,FALSE
1275689952,FALSE
1275704256,FALSE
1275717431,TRUE
1275749129,FALSE
1275777682,FALSE
1275778680,FALSE
1275783300,TRUE
1275791592,FALSE
1275823296,FALSE
1275827644,FALSE
1275827719,FALSE
1275859654,FALSE
1275863029,FALSE
1275865917,FALSE
1275977654,TRUE
1285012948,FALSE
1285611384,FALSE
1285624031,FALSE
1285625277,FALSE
1285636779,FALSE
1285641837,FALSE
1285650242,TRUE
1285660183,FALSE
1285664250,FALSE
1285671255,FALSE
1285675587,TRUE
1285689687,FALSE
1285733139,FALSE
1285790337,FALSE
1285800854,FALSE
1285813329,FALSE
1285864173,FALSE
1285869784,TRUE
1285880757,FALSE
1285887711,TRUE
1285891952,TRUE
1285892653,FALSE
1285893289,FALSE
1285929927,TRUE
1285945022,FALSE
1285963843,TRUE
1295023521,FALSE
1295028611,TRUE
1295053569,TRUE
1295174894,FALSE
1295196178,FALSE
1295363737,FALSE
1295706711,FALSE
1295707230,FALSE
1295718328,FALSE
1295721462,FALSE
1295726958,TRUE
1295737633,FALSE
1295740645,FALSE
1295742369,FALSE
1295757631,FALSE
1295772515,FALSE
1295774818,FALSE
1295780484,TRUE
1295785913,FALSE
1295791705,FALSE
1295802296,FALSE
1295814390,TRUE
1295831311,FALSE
1295842029,FALSE
1295858355,FALSE
1295894673,FALSE
1295922516,FALSE
1295927424,FALSE
1295943132,FALSE
1295944114,FALSE
1295960706,FALSE
1295960722,FALSE
1295979516,TRUE
1295981116,FALSE
1295997039,TRUE
1306006218,FALSE
1306011259,FALSE
1306038096,TRUE
1306067020,FALSE
1306068978,FALSE
1306077474,FALSE
1306102520,FALSE
1306161112,FALSE
1306286166,TRUE
1306289145,FALSE
1306806773,FALSE
1306808381,FALSE
1306831243,TRUE
1306841648,FALSE
1306843370,TRUE
1306845680,TRUE
1306848270,TRUE
1306866413,FALSE
1306871462,FALSE
1306873294,FALSE
1306880398,FALSE
1306885512,FALSE
1306911235,FALSE
1306916580,FALSE
1306934658,FALSE
1306953831,TRUE
1306958517,TRUE
1306969480,TRUE
1306995287,TRUE
1316000698,FALSE
1316014129,FALSE
1316019128,TRUE
1316027857,FALSE
1316033483,FALSE
1316038003,TRUE
1316044605,FALSE
1316059603,FALSE
1316079874,FALSE
1316094295,FALSE
1316125982,FALSE
1316143514,FALSE
1316147192,FALSE
1316155781,FALSE
1316194830,FALSE
1316201817,TRUE
1316202849,TRUE
1316205578,TRUE
1316234867,FALSE
1316244817,TRUE
1316251796,TRUE
1316263817,TRUE
1316263866,TRUE
1316289440,FALSE
1316350358,FALSE
1316350473,FALSE
1316364276,FALSE
1316390099,TRUE
1316688708,FALSE
1316912603,TRUE
1316929565,FALSE
1316939101,FALSE
1316942857,FALSE
1316963713,FALSE
1316965098,FALSE
1316971526,FALSE
1316978695,FALSE
1316981541,FALSE
1316987407,FALSE
1326016114,FALSE
1326023714,TRUE
1326025966,TRUE
1326030966,FALSE
1326053083,FALSE
1326067018,TRUE
1326075367,FALSE
1326094715,FALSE
1326105511,TRUE
1326115163,FALSE
1326115247,TRUE
1326121534,FALSE
1326126145,FALSE
1326128885,TRUE
1326129339,TRUE
1326130741,FALSE
1326144940,FALSE
1326146341,FALSE
1326148651,FALSE
1326169699,FALSE
1326175373,FALSE
1326201906,TRUE
1326204207,FALSE
1326204942,FALSE
1326205303,TRUE
1326213794,FALSE
1326222589,FALSE
1326241324,TRUE
1326277435,TRUE
1326280801,TRUE
1326346065,TRUE
1326359688,TRUE
1326365057,FALSE
1326366691,FALSE
1326369554,FALSE
1326451766,FALSE
1326452764,FALSE
1326468604,FALSE
1326482696,FALSE
1326682576,FALSE
1336100262,FALSE
1336119114,TRUE
1336121870,TRUE
1336125483,FALSE
1336135797,FALSE
1336143031,TRUE
1336147693,FALSE
1336167956,FALSE
1336207844,FALSE
1336216704,FALSE
1336254028,TRUE
1336255009,FALSE
1336265511,FALSE
1336297266,TRUE
1336300300,FALSE
1336315456,FALSE
1336351352,FALSE
1336372598,TRUE
1336403955,FALSE
1336404219,TRUE
1336456367,FALSE
1336464734,TRUE
1336466168,FALSE
1336582675,TRUE
1336679174,FALSE
1336808484,FALSE
1346204153,TRUE
1346215100,TRUE
1346226743,TRUE
1346233848,FALSE
1346235322,FALSE
1346235801,FALSE
1346236536,FALSE
1346255833,FALSE
1346265725,FALSE
1346270014,FALSE
1346273034,FALSE
1346278041,FALSE
1346278587,FALSE
1346307709,FALSE
1346312717,TRUE
1346337839,FALSE
1346354404,FALSE
1346355807,FALSE
1346392719,TRUE
1346402799,FALSE
1346406345,TRUE
1346408994,TRUE
1346416559,FALSE
1346446648,FALSE
1346446663,FALSE
1346454501,TRUE
1346491560,FALSE
1346530151,TRUE
1346549680,FALSE
1346551561,FALSE
1346561453,FALSE
1346570405,FALSE
1346651890,FALSE
1346654704,TRUE
1346661915,FALSE
1346683034,FALSE
1356311443,FALSE
1356316210,FALSE
1356324677,FALSE
1356331409,FALSE
1356340947,FALSE
1356354252,TRUE
1356385918,FALSE
1356410252,FALSE
1356410914,TRUE
1356421812,TRUE
1356431126,TRUE
1356456438,FALSE
1356467575,FALSE
1356476303,TRUE
1356482905,FALSE
1356498893,FALSE
1356502959,FALSE
1356513261,TRUE
1356534713,FALSE
1356547624,FALSE
1356557250,FALSE
1356557532,TRUE
1356558050,FALSE
1356572390,TRUE
1356590582,FALSE
1356606016,FALSE
1356631998,FALSE
1356640031,FALSE
1366402083,FALSE
1366404634,FALSE
1366412116,TRUE
1366419418,TRUE
1366421406,TRUE
1366423360,FALSE
1366434722,TRUE
1366442253,TRUE
1366451478,FALSE
1366482341,TRUE
1366486870,TRUE
1366519167,TRUE
1366527392,FALSE
1366555369,FALSE
1366556185,FALSE
1366603367,TRUE
1366620916,FALSE
1366674095,FALSE
1366760282,TRUE
1366822025,FALSE
1376043976,TRUE
1376136077,FALSE
1376509703,FALSE
1376511956,FALSE
1376542829,TRUE
1376548354,FALSE
1376548925,FALSE
1376568709,FALSE
1376582957,FALSE
1376589721,FALSE
1376593301,TRUE
1376633248,TRUE
1376642207,FALSE
1376643361,FALSE
1376774836,FALSE
1376787523,FALSE
1376806059,FALSE
1376819854,FALSE
1376825646,TRUE
1376855288,FALSE
1376869842,FALSE
1376920165,TRUE
1376989392,FALSE
1386027837,TRUE
1386087559,FALSE
1386098903,FALSE
1386221307,FALSE
1386607307,FALSE
1386621837,FALSE
1386623254,FALSE
1386632206,FALSE
1386633428,FALSE
1386639565,FALSE
1386649713,FALSE
1386654408,FALSE
1386657039,TRUE
1386676294,TRUE
1386678597,TRUE
1386715878,FALSE
1386735827,FALSE
1386765501,FALSE
1386803542,FALSE
1386842136,FALSE
1386871689,FALSE
1386950277,TRUE
1386955037,FALSE
1386960359,FALSE
1396024600,FALSE
1396034328,FALSE
1396035127,FALSE
1396066635,FALSE
1396094744,TRUE
1396148573,TRUE
1396158820,FALSE
1396188611,FALSE
1396704078,FALSE
1396711529,FALSE
1396713889,FALSE
1396717575,FALSE
1396745923,FALSE
1396753596,TRUE
1396755724,FALSE
1396776688,TRUE
1396791471,FALSE
1396794681,FALSE
1396800355,FALSE
1396818134,FALSE
1396834065,FALSE
1396842704,FALSE
1396888947,FALSE
1396901773,FALSE
1396975520,TRUE
1396979688,FALSE
1396986881,FALSE
1396988945,TRUE
1396992400,TRUE
1396996294,TRUE
1407015183,TRUE
1407090319,FALSE
1407112246,TRUE
1407168305,FALSE
1407168602,TRUE
1407262397,FALSE
1407274228,FALSE
1407434947,TRUE
1407477219,FALSE
1407559438,FALSE
1407807175,FALSE
1407812506,FALSE
1407813025,FALSE
1407821291,FALSE
1407834211,FALSE
1407848906,FALSE
1407849722,FALSE
1407857881,FALSE
1407881790,FALSE
1407888647,FALSE
1407891534,FALSE
1407915150,TRUE
1407923352,FALSE
1407926017,TRUE
1407930514,FALSE
1407998164,FALSE
1417007808,FALSE
1417040544,TRUE
1417042854,TRUE
1417055641,FALSE
1417087354,FALSE
1417112731,TRUE
1417165218,FALSE
1417216896,FALSE
1417290339,FALSE
1417375742,TRUE
1417392291,TRUE
1417947474,FALSE
1417949397,FALSE
1417977471,FALSE
1417995465,FALSE
1427007624,FALSE
1427008184,FALSE
1427012772,FALSE
1427016039,FALSE
1427016989,FALSE
1427021583,FALSE
1427023175,TRUE
1427034578,FALSE
1427034925,FALSE
1427057215,TRUE
1427067990,FALSE
1427070598,FALSE
1427137066,FALSE
1427144708,FALSE
1427164151,TRUE
1427211366,FALSE
1427224013,TRUE
1427251529,FALSE
1427254226,FALSE
1427293125,TRUE
1427315779,FALSE
1427340082,FALSE
1427342294,FALSE
1427375633,FALSE
1427376854,FALSE
1427379221,FALSE
1427404193,TRUE
1427478908,FALSE
1427519008,FALSE
1427589357,FALSE
1427626613,FALSE
1437107224,FALSE
1437113537,FALSE
1437115698,TRUE
1437131760,FALSE
1437135936,FALSE
1437141173,FALSE
1437142924,FALSE
1437146081,TRUE
1437166485,FALSE
1437181369,FALSE
1437181484,FALSE
1437188273,FALSE
1437199411,FALSE
1437218146,TRUE
1437235645,FALSE
1437237062,FALSE
1437237575,TRUE
1437237674,FALSE
1437242062,FALSE
1437260775,FALSE
1437260973,TRUE
1437279254,FALSE
1437308947,FALSE
1437309283,FALSE
1437310232,TRUE
1437313665,FALSE
1437326105,FALSE
1437334232,FALSE
1437348422,FALSE
1437361037,FALSE
1437388584,FALSE
1437393105,TRUE
1437409638,FALSE
1437410958,FALSE
1437418662,TRUE
1437460367,TRUE
1437478146,TRUE
1437487238,FALSE
1437491776,TRUE
1437563897,TRUE
1437595840,FALSE
1447201827,FALSE
1447208756,FALSE
1447222088,FALSE
1447229802,FALSE
1447230404,FALSE
1447232467,TRUE
1447236906,FALSE
1447239413,FALSE
1447241807,FALSE
1447244868,TRUE
1447255864,FALSE
1447272927,FALSE
1447277801,FALSE
1447281605,FALSE
1447283114,FALSE
1447296306,FALSE
1447323092,FALSE
1447338124,TRUE
1447354808,TRUE
1447364062,FALSE
1447366968,FALSE
1447391941,TRUE
1447413505,FALSE
1447418843,FALSE
1447445945,TRUE
1447450499,TRUE
1447466636,FALSE
1447477864,FALSE
1447570122,TRUE
1447588728,FALSE
1447623095,FALSE
1447677687,FALSE
1447871728,FALSE
1457300550,FALSE
1457316283,FALSE
1457318404,FALSE
1457324576,FALSE
1457337685,FALSE
1457338774,TRUE
1457356578,FALSE
1457360869,TRUE
1457362485,FALSE
1457375727,FALSE
1457422347,FALSE
1457441321,FALSE
1457457020,TRUE
1457506792,TRUE
1457532046,FALSE
1457551277,TRUE
1457569923,FALSE
1457589863,TRUE
1457604738,TRUE
1457611287,TRUE
1457639395,TRUE
1457676405,TRUE
1457685034,TRUE
1457693293,FALSE
1457797763,FALSE
1467235267,FALSE
1467417592,TRUE
1467418400,FALSE
1467418855,FALSE
1467419291,FALSE
1467426932,TRUE
1467427633,FALSE
1467443770,TRUE
1467446484,FALSE
1467448787,FALSE
1467451468,FALSE
1467455881,FALSE
1467461038,FALSE
1467467324,FALSE
1467498675,FALSE
1467509505,TRUE
1467538264,FALSE
1467544460,FALSE
1467563593,FALSE
1467572263,FALSE
1467622043,FALSE
1467631838,FALSE
1467654368,FALSE
1467658245,FALSE
1467666388,FALSE
1467682690,FALSE
1467682765,FALSE
1467686766,FALSE
1467715938,FALSE
1467718932,TRUE
1467776948,TRUE
1467784504,FALSE
1467867119,FALSE
1467898544,FALSE
1467947846,FALSE
1477508620,FALSE
1477511830,FALSE
1477518686,FALSE
1477519775,FALSE
1477520427,FALSE
1477521110,FALSE
1477521839,FALSE
1477532240,FALSE
1477533727,TRUE
1477579548,FALSE
1477585347,FALSE
1477595510,FALSE
1477620490,FALSE
1477647154,FALSE
1477647840,FALSE
1477651719,FALSE
1477675072,FALSE
1477675874,FALSE
1477677417,FALSE
1477689511,FALSE
1477705168,TRUE
1477757250,FALSE
1477781334,TRUE
1477783710,TRUE
1477813517,TRUE
1477819647,TRUE
1477834398,FALSE
1477949360,TRUE
1487017521,FALSE
1487602702,FALSE
1487611760,FALSE
1487618468,FALSE
1487622239,TRUE
1487628285,TRUE
1487641247,FALSE
1487654695,FALSE
1487659876,FALSE
1487660296,TRUE
1487662748,FALSE
1487664413,FALSE
1487664595,FALSE
1487673265,FALSE
1487677514,FALSE
1487686200,FALSE
1487694915,TRUE
1487734646,FALSE
1487737698,FALSE
1487740395,TRUE
1487752374,FALSE
1487815288,TRUE
1487821468,FALSE
1487834883,FALSE
1487845673,FALSE
1487847927,FALSE
1487851705,TRUE
1487864880,FALSE
1487879987,FALSE
1487889168,TRUE
1487914552,FALSE
1487943742,FALSE
1487975918,FALSE
1497017875,TRUE
1497032106,FALSE
1497042147,TRUE
1497042444,FALSE
1497044457,TRUE
1497069595,FALSE
1497072268,FALSE
1497099857,FALSE
1497135529,TRUE
1497147805,FALSE
1497173678,TRUE
1497714968,FALSE
1497722839,FALSE
1497727721,FALSE
1497735757,FALSE
1497736847,TRUE
1497749907,FALSE
1497754964,TRUE
1497783815,TRUE
1497788657,FALSE
1497834345,FALSE
1497834964,FALSE
1497835961,FALSE
1497841027,FALSE
1497854236,TRUE
1497871792,FALSE
1497931166,TRUE
1497967079,TRUE
1497982003,FALSE
1497999197,FALSE
1508009408,TRUE
1508011602,TRUE
1508022781,FALSE
1508023052,TRUE
1508028788,TRUE
1508038019,TRUE
1508041518,FALSE
1508064213,FALSE
1508074857,FALSE
1508078577,FALSE
1508129081,TRUE
1508155268,FALSE
1508158015,FALSE
1508177718,FALSE
1508181140,FALSE
1508189168,FALSE
1508201146,TRUE
1508209321,FALSE
1508247776,TRUE
1508405549,FALSE
1508801432,FALSE
1508805052,FALSE
1508813825,FALSE
1508828179,FALSE
1508830746,FALSE
1508838269,FALSE
1508838897,FALSE
1508848375,TRUE
1508848540,FALSE
1508857962,FALSE
1508899311,FALSE
1508903881,FALSE
1508911538,FALSE
1508968231,FALSE
1508989468,FALSE
1518002567,FALSE
1518027747,FALSE
1518033125,FALSE
1518046275,FALSE
1518046499,FALSE
1518093293,FALSE
1518093673,FALSE
1518094549,FALSE
1518101187,FALSE
1518115559,FALSE
1518120286,FALSE
1518126317,FALSE
1518129014,TRUE
1518160720,FALSE
1518175173,FALSE
1518189349,FALSE
1518209840,FALSE
1518266303,FALSE
1518286061,FALSE
1518329200,FALSE
1518373299,FALSE
1518391275,TRUE
1518462316,TRUE
1518908995,FALSE
1518909209,FALSE
1518909282,FALSE
1518925692,FALSE
1518930601,TRUE
1518931161,TRUE
1518949270,FALSE
1518982610,FALSE
1518985217,FALSE
1518998244,FALSE
1528001617,TRUE
1528010295,FALSE
1528013620,TRUE
1528028305,FALSE
1528030947,TRUE
1528040854,FALSE
1528041969,FALSE
1528042835,TRUE
1528049798,FALSE
1528091410,FALSE
1528130366,FALSE
1528132560,FALSE
1528137650,FALSE
1528143203,FALSE
1528158326,FALSE
1528200904,FALSE
1528220209,FALSE
1528221207,FALSE
1528221405,FALSE
1528222304,TRUE
1528251410,TRUE
1528257888,FALSE
1528266483,FALSE
1528268463,FALSE
1528269040,TRUE
1528271673,FALSE
1528303336,FALSE
1528318334,FALSE
1528328556,FALSE
1528379054,TRUE
1528383163,TRUE
1528697729,FALSE
1538100722,FALSE
1538103056,FALSE
1538108766,TRUE
1538109137,FALSE
1538123625,TRUE
1538124102,FALSE
1538133186,FALSE
1538144308,TRUE
1538156187,TRUE
1538170261,FALSE
1538182571,FALSE
1538184791,FALSE
1538188487,FALSE
1538193156,FALSE
1538195367,FALSE
1538207162,FALSE
1538213111,FALSE
1538246152,TRUE
1538247184,TRUE
1538252747,FALSE
1538261029,TRUE
1538364369,FALSE
1538378856,FALSE
1538379706,FALSE
1538401260,FALSE
1538401773,FALSE
1538427406,FALSE
1538483003,FALSE
1538483458,FALSE
1538505359,FALSE
1538798657,TRUE
1548204928,FALSE
1548243611,FALSE
1548245160,FALSE
1548271521,TRUE
1548275902,TRUE
1548278245,FALSE
1548279896,FALSE
1548288673,FALSE
1548290695,FALSE
1548292352,TRUE
1548294093,TRUE
1548295363,FALSE
1548308448,FALSE
1548325582,FALSE
1548335417,FALSE
1548336795,FALSE
1548339153,FALSE
1548357395,FALSE
1548359300,TRUE
1548369424,FALSE
1548395486,FALSE
1548396054,FALSE
1548396492,FALSE
1548420383,FALSE
1548448442,FALSE
1548468259,FALSE
1548529688,FALSE
1548529746,TRUE
1548584428,FALSE
1548618978,FALSE
1548672371,TRUE
1548673783,TRUE
1548674971,FALSE
1548680929,FALSE
1548843873,FALSE
1548847700,FALSE
1558301440,TRUE
1558314369,FALSE
1558315267,FALSE
1558335190,FALSE
1558367862,FALSE
1558376137,FALSE
1558420968,FALSE
1558421693,FALSE
1558422683,FALSE
1558441725,TRUE
1558494450,FALSE
1558498436,FALSE
1558536763,TRUE
1558538751,FALSE
1558550541,FALSE
1558579078,TRUE
1558616607,TRUE
1558627869,TRUE
1558653451,FALSE
1558706812,TRUE
1558707877,TRUE
1558748129,FALSE
1568409373,FALSE
1568430007,FALSE
1568439768,FALSE
1568440451,FALSE
1568446151,FALSE
1568456622,TRUE
1568473122,FALSE
1568481828,TRUE
1568488807,FALSE
1568492759,FALSE
1568529121,FALSE
1568529741,FALSE
1568554319,FALSE
1568555258,FALSE
1568561397,FALSE
1568579415,FALSE
1568606523,FALSE
1568606614,FALSE
1568638997,FALSE
1568665552,FALSE
1568672160,TRUE
1568690832,TRUE
1568692424,TRUE
1568726727,TRUE
1568754901,TRUE
1568782381,FALSE
1568783306,FALSE
1568807303,FALSE
1568808566,FALSE
1568812360,TRUE
1568881753,TRUE
1568889756,TRUE
1568993376,FALSE
1578502480,FALSE
1578506820,TRUE
1578514956,FALSE
1578519161,FALSE
1578520821,FALSE
1578524021,TRUE
1578532875,FALSE
1578586798,FALSE
1578590469,FALSE
1578592135,FALSE
1578600565,FALSE
1578621611,FALSE
1578628350,FALSE
1578650610,FALSE
1578650685,FALSE
1578650818,FALSE
1578709499,FALSE
1578711495,FALSE
1578713673,FALSE
1578719167,FALSE
1578721155,TRUE
1578727574,FALSE
1578730370,TRUE
1578777181,TRUE
1578792503,FALSE
1578805826,TRUE
1578828703,FALSE
1578906129,TRUE
1578948279,TRUE
1588058796,TRUE
1588074223,TRUE
1588074447,TRUE
1588230650,TRUE
1588448518,FALSE
1588628580,FALSE
1588652143,TRUE
1588688428,FALSE
1588689301,TRUE
1588714596,FALSE
1588767016,FALSE
1588773378,FALSE
1588774384,TRUE
1588781850,TRUE
1588784193,FALSE
1588789796,FALSE
1588800361,TRUE
1588805923,TRUE
1588846463,FALSE
1588849707,FALSE
1588869994,FALSE
1588874242,FALSE
1588875009,FALSE
1588922488,FALSE
1588982151,FALSE
1598007908,FALSE
1598100059,FALSE
1598108615,TRUE
1598183634,FALSE
1598460818,FALSE
1598701088,FALSE
1598703621,FALSE
1598727034,FALSE
1598728081,FALSE
1598750242,TRUE
1598754400,FALSE
1598757031,FALSE
1598772550,FALSE
1598793135,TRUE
1598847972,FALSE
1598860850,FALSE
1598892945,FALSE
1598900581,TRUE
1598909269,FALSE
1598921181,TRUE
1598923641,FALSE
1598927261,FALSE
1598966061,FALSE
1598975336,FALSE
1598986200,TRUE
1609036102,FALSE
1609070143,FALSE
1609080233,FALSE
1609132646,TRUE
1609166974,TRUE
1609175272,TRUE
1609195304,TRUE
1609197888,FALSE
1609294438,TRUE
1609452051,FALSE
1609495035,TRUE
1609801026,TRUE
1609802412,TRUE
1609803006,FALSE
1609807627,FALSE
1609814326,FALSE
1609819424,FALSE
1609821016,FALSE
1609824481,TRUE
1609840057,FALSE
1609842178,FALSE
1609859586,FALSE
1609867100,FALSE
1609878586,TRUE
1609894187,FALSE
1609898857,FALSE
1609954171,FALSE
1609962117,FALSE
1619032745,FALSE
1619046257,TRUE
1619047545,FALSE
1619051075,FALSE
1619069424,FALSE
1619070836,FALSE
1619074911,FALSE
1619081262,FALSE
1619102563,FALSE
1619105202,TRUE
1619118650,FALSE
1619123825,TRUE
1619131430,FALSE
1619132446,FALSE
1619136082,FALSE
1619144151,FALSE
1619149515,TRUE
1619178845,TRUE
1619185386,FALSE
1619192911,FALSE
1619226255,FALSE
1619283777,TRUE
1619286465,FALSE
1619310984,FALSE
1619350055,FALSE
1619592649,FALSE
1619602091,FALSE
1619907516,FALSE
1619941523,FALSE
1619941879,FALSE
1619974318,FALSE
1619981545,FALSE
1619986932,FALSE
1619992724,FALSE
1619995131,FALSE
1629037908,FALSE
1629042759,FALSE
1629047626,FALSE
1629048665,FALSE
1629050919,FALSE
1629052253,TRUE
1629068044,FALSE
1629068382,FALSE
1629071592,FALSE
1629076765,TRUE
1629087549,TRUE
1629113196,TRUE
1629130976,FALSE
1629141940,FALSE
1629145537,FALSE
1629145644,FALSE
1629149745,FALSE
1629157367,TRUE
1629162995,FALSE
1629166582,TRUE
1629173794,FALSE
1629177449,FALSE
1629202379,TRUE
1629231816,FALSE
1629235783,FALSE
1629251715,TRUE
1629255880,FALSE
1639110802,FALSE
1639117526,FALSE
1639127103,FALSE
1639145709,FALSE
1639148331,FALSE
1639155138,FALSE
1639157613,FALSE
1639168909,TRUE
1639171754,FALSE
1639171838,FALSE
1639171903,FALSE
1639176555,FALSE
1639190572,FALSE
1639192297,FALSE
1639193923,FALSE
1639195944,TRUE
1639196520,FALSE
1639203847,FALSE
1639204829,FALSE
1639231673,FALSE
1639247950,FALSE
1639299332,FALSE
1639321284,FALSE
1639325590,FALSE
1639329592,FALSE
1639331028,FALSE
1639343619,TRUE
1639353279,FALSE
1639438088,TRUE
1639490337,FALSE
1639490477,TRUE
1639513161,TRUE
1639828064,FALSE
1649213158,TRUE
1649242736,FALSE
1649245762,FALSE
1649250655,TRUE
1649258856,FALSE
1649259227,FALSE
1649269838,FALSE
1649280843,FALSE
1649287749,FALSE
1649333436,TRUE
1649368093,TRUE
1649391954,TRUE
1649407032,FALSE
1649413162,FALSE
1649433319,FALSE
1649463118,FALSE
1649475666,FALSE
1649477555,TRUE
1649536731,TRUE
1649561457,FALSE
1649594136,TRUE
1649616046,FALSE
1649653924,TRUE
1649681982,FALSE
1649775784,FALSE
1649858853,FALSE
1659300556,TRUE
1659321982,TRUE
1659328201,FALSE
1659328243,TRUE
1659333615,FALSE
1659344422,TRUE
1659347672,FALSE
1659348498,FALSE
1659368090,FALSE
1659377851,FALSE
1659382216,FALSE
1659398667,FALSE
1659407708,FALSE
1659430270,FALSE
1659431096,FALSE
1659462208,FALSE
1659479830,FALSE
1659489284,FALSE
1659540490,FALSE
1659547859,FALSE
1659554509,FALSE
1659564763,FALSE
1659575256,FALSE
1659589737,FALSE
1659613818,TRUE
1659614394,TRUE
1659633972,FALSE
1659647311,TRUE
1659668028,FALSE
1659714475,FALSE
1659766731,FALSE
1659781367,FALSE
1659832301,TRUE
1669001962,FALSE
1669405478,FALSE
1669414488,FALSE
1669414843,TRUE
1669417770,FALSE
1669419198,FALSE
1669430716,FALSE
1669433082,FALSE
1669439923,TRUE
1669450011,FALSE
1669457321,FALSE
1669470274,FALSE
1669477071,TRUE
1669477782,FALSE
1669479747,FALSE
1669497947,TRUE
1669514279,TRUE
1669529269,FALSE
1669530481,FALSE
1669537601,FALSE
1669559043,FALSE
1669559597,FALSE
1669560926,TRUE
1669562617,TRUE
1669575163,FALSE
1669581781,FALSE
1669584199,TRUE
1669602074,TRUE
1669622619,FALSE
1669659595,FALSE
1669663845,FALSE
1669677837,TRUE
1669694063,TRUE
1669702502,FALSE
1669739108,FALSE
1669750907,TRUE
1669761342,FALSE
1669783619,FALSE
1669890356,FALSE
1679545982,FALSE
1679548341,FALSE
1679550529,FALSE
1679554372,FALSE
1679556997,FALSE
1679668362,FALSE
1679669303,FALSE
1679689913,FALSE
1679701858,FALSE
1679714562,FALSE
1679720791,FALSE
1679735864,FALSE
1679737548,TRUE
1679860894,TRUE
1679885826,TRUE
1679899629,TRUE
1679984363,TRUE
1689094377,TRUE
1689603763,TRUE
1689608572,TRUE
1689609273,FALSE
1689619553,TRUE
1689623167,FALSE
1689640708,FALSE
1689659435,TRUE
1689659773,FALSE
1689663304,TRUE
1689665846,FALSE
1689668493,FALSE
1689679052,FALSE
1689693384,FALSE
1689698771,FALSE
1689699985,FALSE
1689732422,TRUE
1689733214,FALSE
1689780587,FALSE
1689787814,FALSE
1689802845,FALSE
1689821332,TRUE
1689849226,FALSE
1689873929,FALSE
1689940017,TRUE
1689962839,TRUE
1699054718,FALSE
1699086504,FALSE
1699093666,FALSE
1699119198,FALSE
1699192559,FALSE
1699701623,FALSE
1699714626,TRUE
1699721498,FALSE
1699725085,FALSE
1699729236,FALSE
1699731562,FALSE
1699734863,FALSE
1699736629,FALSE
1699750943,FALSE
1699756577,FALSE
1699760223,FALSE
1699763896,FALSE
1699765255,FALSE
1699768994,TRUE
1699851105,FALSE
1699855205,TRUE
1699877506,FALSE
1699882654,TRUE
1699909663,TRUE
1699921775,TRUE
1699952762,FALSE
1699965228,TRUE
1700014982,FALSE
1700020062,FALSE
1700020138,FALSE
1700028818,FALSE
1700044054,TRUE
1700048014,FALSE
1700051612,FALSE
1700063187,FALSE
1700070380,FALSE
1700080785,TRUE
1700084779,FALSE
1700097227,FALSE
1700146826,FALSE
1700273307,FALSE
1700278223,TRUE
1700290467,FALSE
1700804580,FALSE
1700816311,FALSE
1700817475,FALSE
1700821014,FALSE
1700837432,FALSE
1700865268,FALSE
1700867686,TRUE
1700876307,TRUE
1700881653,FALSE
1700934593,FALSE
1700998366,FALSE
1710039185,FALSE
1710050869,TRUE
1710059290,FALSE
1710086558,FALSE
1710110622,FALSE
1710138045,FALSE
1710182779,TRUE
1710195383,FALSE
1710197256,FALSE
1710197330,FALSE
1710243324,FALSE
1710247242,TRUE
1710320494,FALSE
1710566187,FALSE
1710916077,TRUE
1710925078,FALSE
1710926498,TRUE
1710939855,FALSE
1710954375,FALSE
1710955141,FALSE
1710960216,TRUE
1710962543,FALSE
1710976048,TRUE
1710982277,FALSE
1710984653,FALSE
1710986278,FALSE
1720001852,FALSE
1720001894,TRUE
1720010648,FALSE
1720017577,FALSE
1720037724,FALSE
1720037773,FALSE
1720044209,TRUE
1720048267,FALSE
1720058571,TRUE
1720059793,FALSE
1720066467,FALSE
1720183049,TRUE
1720198880,FALSE
1720214042,FALSE
1720224967,TRUE
1720240104,TRUE
1720240328,FALSE
1720249543,FALSE
1720251523,TRUE
1720289556,TRUE
1720303126,TRUE
1720342900,TRUE
1720344591,TRUE
1720353808,FALSE
1720377963,FALSE
1720378292,FALSE
1720425663,FALSE
1720491962,FALSE
1730103995,FALSE
1730131210,FALSE
1730139163,FALSE
1730142340,FALSE
1730143801,FALSE
1730144858,FALSE
1730146101,FALSE
1730150582,FALSE
1730153743,FALSE
1730156373,FALSE
1730157058,FALSE
1730175357,FALSE
1730179805,FALSE
1730189697,FALSE
1730196098,FALSE
1730216706,FALSE
1730241217,FALSE
1730279670,FALSE
1730289513,FALSE
1730300443,FALSE
1730308974,FALSE
1730317439,TRUE
1730318148,FALSE
1730322702,TRUE
1730344417,TRUE
1730347154,FALSE
1730372079,FALSE
1730379934,FALSE
1730380122,TRUE
1730382839,FALSE
1730447145,FALSE
1730449430,FALSE
1730760729,FALSE
1740226554,TRUE
1740232941,FALSE
1740252261,FALSE
1740252428,FALSE
1740262773,TRUE
1740265974,FALSE
1740266832,FALSE
1740273010,TRUE
1740283688,FALSE
1740285303,FALSE
1740295526,TRUE
1740308808,TRUE
1740310259,TRUE
1740319003,FALSE
1740324086,FALSE
1740325133,FALSE
1740332832,FALSE
1740346725,FALSE
1740351642,FALSE
1740351790,FALSE
1740362052,FALSE
1740366178,FALSE
1740367887,FALSE
1740377530,FALSE
1740384056,FALSE
1740423623,FALSE
1740448828,FALSE
1740454008,FALSE
1740457209,FALSE
1740462316,FALSE
1740473735,FALSE
1740475383,FALSE
1740485762,FALSE
1740496991,FALSE
1740508423,FALSE
1740509728,TRUE
1740513522,FALSE
1740556232,TRUE
1740579390,FALSE
1740654441,TRUE
1740693514,FALSE
1740696186,TRUE
1740768571,FALSE
1740913961,FALSE
1740971472,FALSE
1750311015,FALSE
1750328506,FALSE
1750329454,FALSE
1750339446,FALSE
1750348017,FALSE
1750358321,FALSE
1750380549,FALSE
1750383014,FALSE
1750389425,FALSE
1750391355,FALSE
1750398095,FALSE
1750439550,FALSE
1750452736,FALSE
1750464996,FALSE
1750470696,FALSE
1750593448,FALSE
1750594800,FALSE
1750606638,FALSE
1750609251,TRUE
1750624961,FALSE
1750636452,TRUE
1750644415,FALSE
1750657078,FALSE
1750680310,FALSE
1750711040,TRUE
1750766796,FALSE
1750960928,FALSE
1760023642,FALSE
1760408512,TRUE
1760410203,FALSE
1760432363,TRUE
1760437982,FALSE
1760450597,FALSE
1760452502,FALSE
1760457014,FALSE
1760487318,FALSE
1760495055,FALSE
1760537484,FALSE
1760641153,TRUE
1760647028,FALSE
1760649453,FALSE
1760656508,FALSE
1760690358,FALSE
1760690440,FALSE
1760692198,FALSE
1760718548,FALSE
1760724322,FALSE
1760745038,FALSE
1760758411,TRUE
1760775498,FALSE
1760793657,TRUE
1760820385,FALSE
1760877328,FALSE
1760895973,FALSE
1760952436,FALSE
1770112690,TRUE
1770510067,FALSE
1770521130,FALSE
1770535114,FALSE
1770535833,FALSE
1770536773,FALSE
1770546939,FALSE
1770553919,FALSE
1770555021,FALSE
1770556797,FALSE
1770558611,TRUE
1770563272,FALSE
1770575474,TRUE
1770590341,FALSE
1770598278,FALSE
1770622466,FALSE
1770656910,FALSE
1770663965,TRUE
1770683435,TRUE
1770710915,FALSE
1770719239,FALSE
1770758419,FALSE
1770775470,FALSE
1770776288,FALSE
1770784795,FALSE
1770810590,TRUE
1770865305,TRUE
1770873085,FALSE
1770961401,FALSE
1770993404,FALSE
1780096370,TRUE
1780113480,FALSE
1780612804,FALSE
1780616219,FALSE
1780619221,FALSE
1780621490,FALSE
1780626093,FALSE
1780626317,FALSE
1780630095,TRUE
1780635680,FALSE
1780652990,FALSE
1780655175,TRUE
1780656629,TRUE
1780662601,TRUE
1780687566,FALSE
1780690248,FALSE
1780694919,TRUE
1780697870,FALSE
1780747576,TRUE
1780748087,FALSE
1780749820,TRUE
1780812586,FALSE
1780818146,FALSE
1780818575,FALSE
1780844522,TRUE
1780847897,FALSE
1780851980,TRUE
1780859298,FALSE
1780897413,FALSE
1780904896,FALSE
1780974337,FALSE
1780975706,TRUE
1780977108,TRUE
1780995803,FALSE
1790001360,FALSE
1790012672,FALSE
1790014827,FALSE
1790045821,FALSE
1790072742,FALSE
1790077253,FALSE
1790105120,TRUE
1790121846,TRUE
1790128957,FALSE
1790173292,FALSE
1790179661,FALSE
1790245199,FALSE
1790280352,FALSE
1790702322,FALSE
1790722999,FALSE
1790730026,TRUE
1790730646,FALSE
1790754034,FALSE
1790771657,FALSE
1790785012,FALSE
1790786416,FALSE
1790792349,TRUE
1790794568,FALSE
1790809010,FALSE
1790837169,FALSE
1790839496,FALSE
1790856474,FALSE
1790873016,FALSE
1790878726,TRUE
1790896256,FALSE
1790927465,FALSE
1790932200,FALSE
1790943314,FALSE
1790949600,FALSE
1790982031,FALSE
1790997443,FALSE
1801007109,FALSE
1801020920,FALSE
1801023122,TRUE
1801031885,FALSE
1801039623,TRUE
1801093513,TRUE
1801097662,FALSE
1801110721,FALSE
1801174651,FALSE
1801183348,FALSE
1801188040,TRUE
1801213186,FALSE
1801465505,FALSE
1801811237,FALSE
1801812581,TRUE
1801834809,FALSE
1801836366,FALSE
1801848320,FALSE
1801865373,TRUE
1801869300,FALSE
1801873930,FALSE
1801881503,TRUE
1801949540,FALSE
1801951868,FALSE
1801967500,FALSE
1801973193,FALSE
1801974977,FALSE
1801974985,FALSE
1801976378,FALSE
1801978036,FALSE
1801983275,FALSE
1801987508,FALSE
1811105372,FALSE
1811126246,FALSE
1811128861,TRUE
1811156185,FALSE
1811159411,TRUE
1811166705,FALSE
1811169485,FALSE
1811191604,TRUE
1811209703,FALSE
1811211519,FALSE
1811217706,FALSE
1811254154,TRUE
1811259419,TRUE
1811286255,FALSE
1811330699,TRUE
1811331390,TRUE
1811484694,FALSE
1811906878,FALSE
1811913585,FALSE
1811941792,FALSE
1811948383,FALSE
1811965155,FALSE
1811966948,FALSE
1811971898,TRUE
1811978281,FALSE
1811985518,FALSE
1811985666,FALSE
1811987183,FALSE
1821048653,TRUE
1821051434,TRUE
1821054602,FALSE
1821062118,TRUE
1821062639,TRUE
1821075151,FALSE
1821078098,TRUE
1821087669,FALSE
1821095829,FALSE
1821103912,FALSE
1821105073,FALSE
1821108200,FALSE
1821129610,TRUE
1821147422,FALSE
1821149238,FALSE
1821159856,FALSE
1821165796,FALSE
1821178096,TRUE
1821208513,FALSE
1821219569,TRUE
1821232992,FALSE
1821243635,FALSE
1821256066,FALSE
1821281866,TRUE
1821297987,FALSE
1821304882,FALSE
1821388034,FALSE
1831113950,TRUE
1831117472,FALSE
1831118579,TRUE
1831125749,FALSE
1831132653,FALSE
1831153915,FALSE
1831167162,TRUE
1831180140,FALSE
1831187046,FALSE
1831201540,FALSE
1831208461,FALSE
1831209584,FALSE
1831224369,TRUE
1831230655,FALSE
1831276773,FALSE
1831300243,FALSE
1831307388,TRUE
1831364348,TRUE
1831366889,FALSE
1831394568,FALSE
1831398700,FALSE
1831432087,FALSE
1831465806,FALSE
1831517291,TRUE
1831532019,FALSE
1831535418,FALSE
1831535558,FALSE
1831576602,TRUE
1831832658,FALSE
1841211349,TRUE
1841212081,TRUE
1841212412,FALSE
1841225133,FALSE
1841228525,FALSE
1841234580,FALSE
1841254463,TRUE
1841266616,TRUE
1841266921,FALSE
1841274131,FALSE
1841280716,TRUE
1841284023,FALSE
1841286242,FALSE
1841288768,FALSE
1841289824,TRUE
1841346756,TRUE
1841384401,FALSE
1841387313,TRUE
1841396116,FALSE
1841396728,TRUE
1841417110,FALSE
1841426376,TRUE
1841427168,FALSE
1841435054,FALSE
1841452281,FALSE
1841454303,FALSE
1841457975,TRUE
1841459948,FALSE
1841481629,FALSE
1841497401,FALSE
1841498755,FALSE
1841560521,FALSE
1841582517,FALSE
1841599255,FALSE
1841618972,FALSE
1841633757,FALSE
1851308860,FALSE
1851322150,FALSE
1851327001,FALSE
1851337851,FALSE
1851353791,FALSE
1851374276,FALSE
1851375000,TRUE
1851379275,TRUE
1851386213,FALSE
1851394811,TRUE
1851395313,FALSE
1851427207,TRUE
1851453112,FALSE
1851456990,FALSE
1851471486,FALSE
1851475602,FALSE
1851508436,FALSE
1851520704,FALSE
1851533509,FALSE
1851538045,FALSE
1851550305,FALSE
1851554315,FALSE
1851599724,FALSE
1851603195,TRUE
1851612659,FALSE
1851679765,FALSE
1851684252,TRUE
1851685838,TRUE
1851687446,TRUE
1851738793,FALSE
1851824221,TRUE
1861053159,FALSE
1861400863,TRUE
1861413965,TRUE
1861416844,TRUE
1861420093,FALSE
1861444853,FALSE
1861457483,FALSE
1861466526,FALSE
1861488777,FALSE
1861490542,TRUE
1861502627,FALSE
1861506032,TRUE
1861512592,FALSE
1861521460,FALSE
1861592339,FALSE
1861647927,FALSE
1861696460,FALSE
1861698250,FALSE
1861707515,FALSE
1861712077,TRUE
1861715096,FALSE
1861755290,FALSE
1861781767,FALSE
1861789315,TRUE
1861790453,FALSE
1861830499,TRUE
1871173419,FALSE
1871519694,FALSE
1871520478,TRUE
1871530634,FALSE
1871532903,FALSE
1871546242,TRUE
1871554998,FALSE
1871570044,FALSE
1871572909,FALSE
1871575142,FALSE
1871576199,FALSE
1871584631,FALSE
1871591297,FALSE
1871615229,FALSE
1871622936,FALSE
1871636928,FALSE
1871660894,FALSE
1871673335,FALSE
1871680249,TRUE
1871681247,FALSE
1871688531,TRUE
1871695684,FALSE
1871696674,FALSE
1871704171,TRUE
1871729673,FALSE
1871751867,FALSE
1871818534,FALSE
1871859843,TRUE
1871878678,TRUE
1871912782,TRUE
1881012946,FALSE
1881026581,FALSE
1881034908,TRUE
1881037323,TRUE
1881039121,TRUE
1881213999,FALSE
1881605897,FALSE
1881608693,FALSE
1881610319,TRUE
1881615102,FALSE
1881631042,TRUE
1881643989,FALSE
1881654887,TRUE
1881665495,FALSE
1881679439,TRUE
1881691210,TRUE
1881697555,FALSE
1881697944,FALSE
1881701944,FALSE
1881759827,FALSE
1881761252,FALSE
1881772960,FALSE
1881774479,TRUE
1881783231,FALSE
1881810224,FALSE
1881820330,TRUE
1881850568,FALSE
1881856797,FALSE
1881859684,FALSE
1881888022,FALSE
1881890796,FALSE
1881891026,TRUE
1881891661,FALSE
1881893212,TRUE
1881896850,FALSE
1881905909,TRUE
1881936862,TRUE
1881951762,FALSE
1881976207,FALSE
1881985414,TRUE
1891053195,FALSE
1891055075,TRUE
1891080784,TRUE
1891081253,FALSE
1891098901,TRUE
1891175436,FALSE
1891193330,TRUE
1891426854,FALSE
1891721668,TRUE
1891728309,FALSE
1891739173,FALSE
1891744157,FALSE
1891764502,FALSE
1891779369,FALSE
1891782736,FALSE
1891787693,FALSE
1891788931,FALSE
1891862629,FALSE
1891875365,FALSE
1891907119,TRUE
1891924718,FALSE
1891939567,FALSE
1891942512,TRUE
1891948303,TRUE
1891959862,FALSE
1891996823,FALSE
1891997979,FALSE
1902014442,FALSE
1902030679,FALSE
1902064942,FALSE
1902066020,FALSE
1902085822,FALSE
1902122443,TRUE
1902127434,FALSE
1902194269,TRUE
1902197288,FALSE
1902250269,FALSE
1902256167,FALSE
1902288798,FALSE
1902291065,TRUE
1902501364,FALSE
1902807878,FALSE
1902816663,FALSE
1902823784,TRUE
1902827835,FALSE
1902846579,FALSE
1902853336,FALSE
1902861883,FALSE
1902864960,TRUE
1902884737,FALSE
1902892987,FALSE
1902895816,TRUE
1902902760,FALSE
1902928153,FALSE
1902931587,FALSE
1902982473,FALSE
1902984909,FALSE
1902986979,TRUE
1902992274,FALSE
1912026600,FALSE
1912039306,TRUE
1912040726,FALSE
1912058041,FALSE
1912063728,FALSE
1912076647,TRUE
1912081134,FALSE
1912087495,FALSE
1912087982,FALSE
1912089277,TRUE
1912091273,TRUE
1912092156,FALSE
1912111592,FALSE
1912118324,FALSE
1912131665,FALSE
1912165259,TRUE
1912199134,FALSE
1912223645,FALSE
1912227463,TRUE
1912260373,FALSE
1912265315,TRUE
1912265992,TRUE
1912268814,FALSE
1912299058,TRUE
1912469495,TRUE
1912498874,FALSE
1912904756,TRUE
1912915786,FALSE
1912926395,FALSE
1912934886,FALSE
1912936758,FALSE
1912939158,TRUE
1912962994,FALSE
1912963497,FALSE
1912968181,FALSE
1912970377,FALSE
1912971672,FALSE
1912979139,FALSE
1912979204,FALSE
1912981515,TRUE
1922037787,TRUE
1922044940,FALSE
1922057710,FALSE
1922082973,FALSE
1922099449,FALSE
1922110972,TRUE
1922111376,FALSE
1922119221,FALSE
1922142165,FALSE
1922149426,FALSE
1922163963,TRUE
1922219336,TRUE
1922232172,FALSE
1922243211,FALSE
1922269653,TRUE
1922307123,FALSE
1922311307,FALSE
1922397256,FALSE
1922420199,FALSE
1932105301,TRUE
1932105913,TRUE
1932125895,FALSE
1932129491,FALSE
1932138070,TRUE
1932138468,FALSE
1932141033,FALSE
1932154580,FALSE
1932154739,FALSE
1932154895,TRUE
1932171949,FALSE
1932173341,TRUE
1932178936,FALSE
1932191582,TRUE
1932245990,TRUE
1932300290,TRUE
1932334281,TRUE
1932342730,TRUE
1932357241,FALSE
1932381530,FALSE
1932390051,TRUE
1932391067,FALSE
1932391885,FALSE
1932399193,FALSE
1932406394,FALSE
1932462314,FALSE
1932462918,FALSE
1932519204,TRUE
1932528791,FALSE
1932565702,FALSE
1932593456,TRUE
1942211552,FALSE
1942230040,FALSE
1942249388,FALSE
1942252762,FALSE
1942273958,FALSE
1942283163,FALSE
1942294350,TRUE
1942297080,FALSE
1942298013,FALSE
1942356795,TRUE
1942377866,FALSE
1942437181,FALSE
1942449558,TRUE
1942468830,TRUE
1942475710,FALSE
1942491063,FALSE
1942568431,TRUE
1942576657,TRUE
1942581616,FALSE
1942597497,TRUE
1942611975,FALSE
1942615018,TRUE
1942790381,TRUE
1952305765,FALSE
1952307266,FALSE
1952355075,FALSE
1952374936,FALSE
1952377152,FALSE
1952379497,FALSE
1952382756,FALSE
1952396459,FALSE
1952417339,FALSE
1952447997,FALSE
1952452310,TRUE
1952472243,FALSE
1952482994,FALSE
1952495798,FALSE
1952498412,TRUE
1952499345,FALSE
1952545220,TRUE
1952566788,FALSE
1952586018,FALSE
1952612178,TRUE
1952620577,FALSE
1952692048,TRUE
1952744716,TRUE
1952806606,TRUE
1952857385,FALSE
1962068486,TRUE
1962082206,FALSE
1962107185,FALSE
1962412668,FALSE
1962419788,FALSE
1962426049,FALSE
1962459776,TRUE
1962491175,FALSE
1962499426,FALSE
1962509653,TRUE
1962553479,FALSE
1962582098,FALSE
1962596551,FALSE
1962632216,TRUE
1962632612,FALSE
1962633677,TRUE
1962639104,FALSE
1962639203,FALSE
1962653279,TRUE
1962660167,FALSE
1962673046,TRUE
1962678649,TRUE
1962708644,FALSE
1962755249,FALSE
1962793604,TRUE
1962794743,TRUE
1962849703,FALSE
1972298693,FALSE
1972354330,FALSE
1972505329,FALSE
1972507911,TRUE
1972510808,FALSE
1972530293,FALSE
1972535698,FALSE
1972539146,TRUE
1972553121,FALSE
1972560845,TRUE
1972569119,FALSE
1972575181,FALSE
1972577468,FALSE
1972602852,FALSE
1972602886,TRUE
1972613727,FALSE
1972660959,TRUE
1972663433,TRUE
1972685105,FALSE
1972687010,TRUE
1972691376,FALSE
1972694016,FALSE
1972697530,FALSE
1972700052,TRUE
1972714954,TRUE
1972757581,FALSE
1972770105,FALSE
1972797116,TRUE
1972820322,FALSE
1972822575,FALSE
1972895092,FALSE
1972896710,FALSE
1972899862,FALSE
1982022877,TRUE
1982024303,FALSE
1982043998,FALSE
1982602173,FALSE
1982609418,TRUE
1982613659,FALSE
1982628111,TRUE
1982633475,FALSE
1982634341,TRUE
1982646121,FALSE
1982659231,FALSE
1982678413,FALSE
1982693404,FALSE
1982708921,TRUE
1982730032,FALSE
1982750584,FALSE
1982753174,FALSE
1982760872,FALSE
1982791505,FALSE
1982834032,TRUE
1982856175,FALSE
1982864799,FALSE
1982894721,FALSE
1982967105,TRUE
1982992095,TRUE
1982997284,TRUE
1992017115,TRUE
1992061493,TRUE
1992088082,TRUE
1992090013,FALSE
1992091805,FALSE
1992105357,TRUE
1992446116,FALSE
1992564173,FALSE
1992716419,FALSE
1992725147,FALSE
1992732887,FALSE
1992734792,FALSE
1992735534,TRUE
1992744874,FALSE
1992745624,TRUE
1992764013,TRUE
1992770101,FALSE
1992786925,FALSE
1992817969,TRUE
1992855704,FALSE
1992883771,FALSE
1992926620,FALSE
1992953541,TRUE
1992965354,FALSE
1992965834,FALSE
1992973275,FALSE
1992978712,FALSE
1992981260,FALSE
