npi,pathway,state,zip5,lat,lon
1316143514,ABOG (OB/GYN),MA,01107,42.1211651666428,-72.6064156659328
1497069595,ABOG (OB/GYN),MA,01107,42.1211651666428,-72.6064156659328
1558550541,ABOG (OB/GYN),MA,01107,42.1211651666428,-72.6064156659328
1780690248,ABOG (OB/GYN),MA,01107,42.1211651666428,-72.6064156659328
1235169244,ABOG (OB/GYN),MA,01605,42.2897998458175,-71.788009455584
1679556997,ABOG (OB/GYN),MA,01605,42.2897998458175,-71.788009455584
1841498755,ABOG (OB/GYN),MA,01608,42.2620959994841,-71.8014545903967
1568529121,ABOG (OB/GYN),MA,01757,42.1571999874312,-71.5197411949162
1710962543,ABOG (OB/GYN),MA,01801,42.4869403964852,-71.1541575846622
1942220371,ABU (urology),MA,01923,42.5739817646434,-70.949228922746
1811314966,ABU (urology),MA,01970,42.5129976811,-70.9026026027405
1134143290,ABOG (OB/GYN),MA,02062,42.185632963361,-71.1946347208404
1134548381,ABOG (OB/GYN),FL,02111,42.3506500332973,-71.0605410689339
1699855619,ABU (urology),NY,02114,42.3633787273751,-71.0668579905833
1205819505,ABOG (OB/GYN),MA,02114,42.3633787273751,-71.0668579905833
1255489753,ABOG (OB/GYN),MA,02114,42.3633787273751,-71.0668579905833
1285945022,ABOG (OB/GYN),MA,02114,42.3633787273751,-71.0668579905833
1851374276,ABOG (OB/GYN),MA,02114,42.3633787273751,-71.0668579905833
1538798657,ABOG (OB/GYN),NE,02115,42.3404636604405,-71.0948209983099
1265548697,ABU (urology),MA,02118,42.3380538631497,-71.0706174011914
1831161991,ABU (urology),MA,02118,42.3380538631497,-71.0706174011914
1740485762,ABOG (OB/GYN),MA,02118,42.3380538631497,-71.0706174011914
1649269838,ABOG (OB/GYN),MA,02124,42.2858345229895,-71.0711326387662
1730308974,ABOG (OB/GYN),MA,02135,42.3498858028461,-71.1541661311913
1033189089,ABOG (OB/GYN),MA,02138,42.3799719097908,-71.1344543094547
1316289440,ABOG (OB/GYN),MA,02138,42.3799719097908,-71.1344543094547
1457375727,ABOG (OB/GYN),MA,02138,42.3799719097908,-71.1344543094547
1629048665,ABOG (OB/GYN),MA,02138,42.3799719097908,-71.1344543094547
1871729673,ABOG (OB/GYN),MA,02138,42.3799719097908,-71.1344543094547
1205120862,ABOG (OB/GYN),NY,02145,42.3920597440022,-71.089496302276
1003882564,ABOG (OB/GYN),MA,02169,42.2393294999937,-71.019400738961
1376509703,ABOG (OB/GYN),MA,02169,42.2393294999937,-71.019400738961
1760690358,ABOG (OB/GYN),MA,02215,42.3474099892061,-71.1027747390367
1811966948,ABOG (OB/GYN),MA,02301,42.0779111535318,-71.0422270508069
1003872227,ABOG (OB/GYN),MA,02481,42.3106483560433,-71.2777754851039
1437237575,ABOG (OB/GYN),MA,02481,42.3106483560433,-71.2777754851039
1982024303,ABOG (OB/GYN),MA,02601,41.659989085379,-70.2932611664778
1972553121,ABOG (OB/GYN),MA,02703,41.9310788535476,-71.2949921757338
1649287749,ABOG (OB/GYN),MA,02762,42.0140877398789,-71.3364262589472
1134176076,ABU (urology),OH,02879,41.4286421150677,-71.5384014244837
1497788657,ABOG (OB/GYN),RI,02903,41.8190118443604,-71.4100600382273
1639231673,ABOG (OB/GYN),RI,02903,41.8190118443604,-71.4100600382273
1952586018,ABOG (OB/GYN),RI,02903,41.8190118443604,-71.4100600382273
1003839234,ABOG (OB/GYN),RI,02905,41.7876846314888,-71.3988567163341
1447413505,ABOG (OB/GYN),RI,02905,41.7876846314888,-71.3988567163341
1700821014,ABOG (OB/GYN),RI,02905,41.7876846314888,-71.3988567163341
1205020385,ABU (urology),NH,03110,42.940635449189,-71.5302271497281
1063603967,ABOG (OB/GYN),NH,03801,43.0729230699935,-70.8051936397652
1033141312,ABOG (OB/GYN),NH,03820,43.1893199811305,-70.8842541350059
1790896256,ABOG (OB/GYN),ME,04011,43.9008701247601,-69.9761225036924
1174560221,ABU (urology),ME,04102,43.6587878210144,-70.3062156212512
1013908037,ABOG (OB/GYN),ME,04106,43.6308101626753,-70.2897066432282
1235529652,ABOG (OB/GYN),ME,04106,43.6308101626753,-70.2897066432282
1760820385,ABOG (OB/GYN),ME,04106,43.6308101626753,-70.2897066432282
1821281866,ABOG (OB/GYN),NH,04106,43.6308101626753,-70.2897066432282
1740308808,ABOG (OB/GYN),VT,05403,44.4469962810028,-73.172295155238
1932154895,ABOG (OB/GYN),VT,05495,44.4290038697322,-73.0919862529723
1205834363,ABOG (OB/GYN),CT,06002,41.8428572852973,-72.7371414799137
1972527158,ABU (urology),CT,06106,41.7481829746592,-72.6968356527234
1508203316,ABU (urology),CT,06385,41.3573352608488,-72.1558057100165
1972539930,ABU (urology),CT,06511,41.3166305077458,-72.9258728997992
1083872329,ABOG (OB/GYN),OR,06511,41.3166305077458,-72.9258728997992
1275013468,ABOG (OB/GYN),CA,06511,41.3166305077458,-72.9258728997992
1437131760,ABOG (OB/GYN),CT,06518,41.4274579054402,-72.9133848888094
1396930079,ABU (urology),CT,06519,41.2959664086102,-72.937638006845
1316350473,ABOG (OB/GYN),CT,06519,41.2959664086102,-72.937638006845
1942298013,ABOG (OB/GYN),CT,06519,41.2959664086102,-72.937638006845
1982791505,ABOG (OB/GYN),CT,06519,41.2959664086102,-72.937638006845
1356631998,ABOG (OB/GYN),CT,06611,41.2600900545215,-73.2082188378557
1902992274,ABOG (OB/GYN),NJ,06708,41.5493879789962,-73.0673830115626
1922311307,ABOG (OB/GYN),CT,06810,41.3762827612169,-73.4590589445494
1962849703,ABOG (OB/GYN),CT,06830,41.0481450669243,-73.6239476962986
1972695054,ABU (urology),CT,06850,41.1262970251763,-73.443158473689
1114007770,ABOG (OB/GYN),CT,06902,41.059533382954,-73.5475510177918
1366555450,ABU (urology),NJ,07016,40.6567833721672,-74.3035364008631
1023108248,ABOG (OB/GYN),NJ,07017,40.7719221318291,-74.2071146980138
1477735280,ABU (urology),NJ,07039,40.785547617684,-74.3290959082681
1154587020,ABOG (OB/GYN),GA,07039,40.785547617684,-74.3290959082681
1780652990,ABOG (OB/GYN),NJ,07039,40.785547617684,-74.3290959082681
1497854236,ABOG (OB/GYN),NJ,07055,40.8574631788661,-74.1282178297806
1457506792,ABOG (OB/GYN),NV,07094,40.781082519538,-74.0658852391817
1801839642,ABU (urology),NJ,07601,40.8890989114922,-74.0461360786273
1710925078,ABOG (OB/GYN),NJ,07631,40.891608331912,-73.9736818018198
1114121571,ABOG (OB/GYN),NJ,07652,40.9455266538206,-74.0711922411708
1558748129,ABOG (OB/GYN),NJ,07666,40.8899643657092,-74.0106838521132
1275502072,ABOG (OB/GYN),NJ,07702,40.324893194289,-74.0600216869553
1164410643,ABOG (OB/GYN),NJ,07712,40.248038708533,-74.0552922885083
1346204153,ABOG (OB/GYN),CA,07740,40.2957852691275,-73.991918006147
1891053195,ABOG (OB/GYN),SC,07740,40.2957852691275,-73.991918006147
1154619500,ABOG (OB/GYN),NJ,07753,40.2118367485474,-74.0742086086014
1609867100,ABOG (OB/GYN),NJ,07753,40.2118367485474,-74.0742086086014
1538364369,ABOG (OB/GYN),NJ,07840,40.8603266430871,-74.8319188803805
1699119198,ABOG (OB/GYN),NJ,07901,40.7145842092507,-74.36602084016
1750374823,ABU (urology),NJ,07960,40.7845052669968,-74.4981156838286
1497727721,ABOG (OB/GYN),NJ,07960,40.7845052669968,-74.4981156838286
1548584428,ABOG (OB/GYN),NJ,07960,40.7845052669968,-74.4981156838286
1407905383,ABU (urology),NJ,08043,39.8450234469851,-74.95491618684
1275639783,ABOG (OB/GYN),NJ,08043,39.8450234469851,-74.95491618684
1326067018,ABOG (OB/GYN),PA,08043,39.8450234469851,-74.95491618684
1447272927,ABOG (OB/GYN),PA,08043,39.8450234469851,-74.95491618684
1770775470,ABOG (OB/GYN),NJ,08043,39.8450234469851,-74.95491618684
1790785012,ABOG (OB/GYN),NJ,08043,39.8450234469851,-74.95491618684
1093894297,ABOG (OB/GYN),NJ,08050,39.7029134110747,-74.2457210828741
1043464704,ABOG (OB/GYN),NJ,08053,39.8604822172478,-74.8946745848673
1811906878,ABOG (OB/GYN),NJ,08053,39.8604822172478,-74.8946745848673
1740768571,ABOG (OB/GYN),CA,08103,39.935318910171,-75.1126907825308
1891175436,ABOG (OB/GYN),CA,08103,39.935318910171,-75.1126907825308
1942581616,ABOG (OB/GYN),PA,08103,39.935318910171,-75.1126907825308
1295023521,ABOG (OB/GYN),NJ,08360,39.493726633499,-75.0035460349373
1952495798,ABOG (OB/GYN),NJ,08360,39.493726633499,-75.0035460349373
1346661915,ABOG (OB/GYN),CA,08534,40.3302582114918,-74.7942184201364
1215370879,ABOG (OB/GYN),NJ,08540,40.3642126182075,-74.6566366803463
1285660183,ABOG (OB/GYN),NJ,08540,40.3642126182075,-74.6566366803463
1295960706,ABOG (OB/GYN),NJ,08540,40.3642126182075,-74.6566366803463
1699731562,ABOG (OB/GYN),NJ,08816,40.4294316444373,-74.4160089180985
1205981230,ABOG (OB/GYN),NJ,08873,40.4986383085057,-74.5328326311313
1285842310,ABU (urology),NJ,08901,40.4842712581987,-74.4427516171311
1053756197,ABOG (OB/GYN),NJ,08901,40.4842712581987,-74.4427516171311
1689780587,ABOG (OB/GYN),NJ,08901,40.4842712581987,-74.4427516171311
1245211663,ABU (urology),NY,10003,40.7318405085019,-73.9891483919147
1003911132,ABU (urology),NY,10016,40.7451542985418,-73.9780744839344
1205247178,ABU (urology),NY,10016,40.7451542985418,-73.9780744839344
1740295526,ABOG (OB/GYN),NY,10016,40.7451542985418,-73.9780744839344
1811985518,ABOG (OB/GYN),NY,10016,40.7451542985418,-73.9780744839344
1841284023,ABOG (OB/GYN),NY,10016,40.7451542985418,-73.9780744839344
1841452281,ABOG (OB/GYN),CA,10016,40.7451542985418,-73.9780744839344
1942468830,ABOG (OB/GYN),CA,10016,40.7451542985418,-73.9780744839344
1346651890,ABOG (OB/GYN),NY,10017,40.7523472319504,-73.9725954239923
1346683034,ABOG (OB/GYN),NY,10017,40.7523472319504,-73.9725954239923
1386695781,ABU (urology),NY,10019,40.7658601804469,-73.9852964744341
1063746840,ABOG (OB/GYN),NY,10019,40.7658601804469,-73.9852964744341
1508843988,ABU (urology),NY,10021,40.7696344406954,-73.9589859729168
1467419291,ABOG (OB/GYN),PA,10022,40.7585551992919,-73.9678676391751
1790754034,ABOG (OB/GYN),NY,10028,40.7764337794146,-73.9533885257174
1780626317,ABOG (OB/GYN),NY,10029,40.7926518648124,-73.9478793201821
1891788931,ABOG (OB/GYN),NY,10029,40.7926518648124,-73.9478793201821
1083650170,ABU (urology),CO,10032,40.8390008303629,-73.9428230256757
1215188214,ABU (urology),NY,10032,40.8390008303629,-73.9428230256757
1326277435,ABOG (OB/GYN),NY,10032,40.8390008303629,-73.9428230256757
1467467324,ABOG (OB/GYN),CT,10032,40.8390008303629,-73.9428230256757
1790014827,ABOG (OB/GYN),NY,10032,40.8390008303629,-73.9428230256757
1568638997,ABOG (OB/GYN),NJ,10038,40.7094507769824,-74.0028562808929
1497774210,ABU (urology),NY,10065,40.7647244735519,-73.9633221045984
1770727018,ABU (urology),"",10065,40.7647244735519,-73.9633221045984
1861657108,ABU (urology),NY,10065,40.7647244735519,-73.9633221045984
1881851202,ABU (urology),NY,10065,40.7647244735519,-73.9633221045984
1437418662,ABOG (OB/GYN),NY,10065,40.7647244735519,-73.9633221045984
1497099857,ABOG (OB/GYN),NY,10065,40.7647244735519,-73.9633221045984
1881891661,ABOG (OB/GYN),NY,10065,40.7647244735519,-73.9633221045984
1811126246,ABOG (OB/GYN),NJ,10314,40.6009123133518,-74.1629324455145
1285650242,ABOG (OB/GYN),NJ,10451,40.8209694742937,-73.9238257672448
1598892945,ABOG (OB/GYN),NY,10457,40.8457108333648,-73.8979386267129
1770546939,ABOG (OB/GYN),NY,10457,40.8457108333648,-73.8979386267129
1023469079,ABOG (OB/GYN),CA,10461,40.8467130270139,-73.8407919812223
1447277801,ABOG (OB/GYN),NY,10461,40.8467130270139,-73.8407919812223
1699952762,ABOG (OB/GYN),NY,10523,41.0600435980224,-73.8185917098085
1083751184,ABOG (OB/GYN),NY,10532,41.0987282509631,-73.80066829332
1104827583,ABOG (OB/GYN),NY,10532,41.0987282509631,-73.80066829332
1194152348,ABOG (OB/GYN),NJ,10532,41.0987282509631,-73.80066829332
1720066467,ABOG (OB/GYN),CT,10580,40.9785558151385,-73.6931548303612
1235248303,ABOG (OB/GYN),NY,10583,40.989169403027,-73.7944317846399
1619070836,ABOG (OB/GYN),NY,10994,41.0970268575364,-73.9732581431204
1245390384,ABOG (OB/GYN),NY,11021,40.7864356791697,-73.728941524488
1245498518,ABOG (OB/GYN),NY,11021,40.7864356791697,-73.728941524488
1558421693,ABOG (OB/GYN),NY,11021,40.7864356791697,-73.728941524488
1669750907,ABOG (OB/GYN),NY,11021,40.7864356791697,-73.728941524488
1861752347,ABU (urology),NY,11042,40.7585371273879,-73.6975051524202
1356410252,ABOG (OB/GYN),NJ,11203,40.649580900708,-73.9343166588862
1205808904,ABOG (OB/GYN),NY,11215,40.6625538691457,-73.9868730369268
1548264005,ABU (urology),NY,11220,40.640979931748,-74.0162632645409
1922307180,ABU (urology),NY,11220,40.640979931748,-74.0162632645409
1912087495,ABOG (OB/GYN),NJ,11223,40.597111545533,-73.973438993107
1285887711,ABOG (OB/GYN),IL,11355,40.751433574986,-73.8212489867427
1043470024,ABOG (OB/GYN),NY,11373,40.7389193211063,-73.8785406164178
1477997690,ABU (urology),NY,11374,40.7264743881449,-73.8614379411525
1316000698,ABOG (OB/GYN),NJ,11375,40.7231529251089,-73.8437266422238
1841560521,ABOG (OB/GYN),NY,11418,40.7003164521567,-73.8360266475521
1780974337,ABOG (OB/GYN),NY,11501,40.7462925758227,-73.6392140444606
1801976378,ABOG (OB/GYN),NJ,11501,40.7462925758227,-73.6392140444606
1871673335,ABOG (OB/GYN),NY,11501,40.7462925758227,-73.6392140444606
1730113689,ABU (urology),NY,11577,40.7828814782089,-73.6391126070418
1518982610,ABOG (OB/GYN),NY,11580,40.6749064954453,-73.7037421160871
1073532461,ABOG (OB/GYN),NY,11706,40.7059643945073,-73.2420376294827
1518266303,ABOG (OB/GYN),NY,11706,40.7059643945073,-73.2420376294827
1326075367,ABOG (OB/GYN),NY,11733,40.9372744130704,-73.1053136256707
1588849707,ABOG (OB/GYN),NY,11733,40.9372744130704,-73.1053136256707
1669559043,ABOG (OB/GYN),NY,11733,40.9372744130704,-73.1053136256707
1275707846,ABU (urology),NY,11794,40.9191390265709,-73.1247968743841
1528202835,ABU (urology),NY,11794,40.9191390265709,-73.1247968743841
1649775784,ABOG (OB/GYN),MI,11794,40.9191390265709,-73.1247968743841
1609877588,ABU (urology),NY,11901,40.924227050162,-72.6469752367673
1083659072,ABU (urology),NY,12203,42.6813938537171,-73.850976520966
1235800798,ABOG (OB/GYN),IN,12205,42.7171875225657,-73.8300545195036
1487864880,ABOG (OB/GYN),NY,12208,42.6529357516118,-73.8083242183214
1902846579,ABOG (OB/GYN),NY,12601,41.7059871466651,-73.9112148481462
1598185332,ABU (urology),NY,12603,41.6781442542815,-73.8674519917792
1902864960,ABOG (OB/GYN),NY,12801,43.3109738354237,-73.6454470292317
1801849039,ABU (urology),NY,12866,43.0753722822948,-73.7401231342494
1851538045,ABOG (OB/GYN),NY,13066,43.0329676816274,-76.0026354399292
1245530484,ABU (urology),NY,13210,43.0318716407814,-76.1265415721807
1487740395,ABOG (OB/GYN),NY,13210,43.0318716407814,-76.1265415721807
1578532875,ABOG (OB/GYN),NY,13210,43.0318716407814,-76.1265415721807
1609824481,ABOG (OB/GYN),CA,13210,43.0318716407814,-76.1265415721807
1407848906,ABOG (OB/GYN),NY,13326,42.718611524656,-74.903782968936
1922057710,ABOG (OB/GYN),NY,13601,43.9694431513624,-75.9095878195922
1497714968,ABOG (OB/GYN),NY,14203,42.8623855623957,-78.865046544369
1639196520,ABOG (OB/GYN),NY,14214,42.9393543202715,-78.8410227818029
1215954102,ABOG (OB/GYN),NY,14225,42.9287940097645,-78.7519994730393
1043489586,ABOG (OB/GYN),NY,14226,42.9707767961789,-78.7984416098974
1063477404,ABOG (OB/GYN),NY,14580,43.2188321794729,-77.4456116217271
1093929358,ABOG (OB/GYN),NY,14617,43.2248719781084,-77.5932182240722
1578906129,ABOG (OB/GYN),NY,14623,43.0879842991816,-77.6431310307355
1669663845,ABOG (OB/GYN),NY,14623,43.0879842991816,-77.6431310307355
1770510067,ABOG (OB/GYN),NY,14623,43.0879842991816,-77.6431310307355
1205880911,ABOG (OB/GYN),NY,14626,43.2134793523083,-77.7127214862849
1346354404,ABOG (OB/GYN),NY,14626,43.2134793523083,-77.7127214862849
1013905884,ABOG (OB/GYN),PA,15146,40.4263940431307,-79.7600443922277
1083712210,ABU (urology),"",15212,40.4710492877306,-80.0084634879822
1821350315,ABU (urology),NJ,15213,40.4429329993741,-79.9534487762288
1942307038,ABU (urology),PA,15213,40.4429329993741,-79.9534487762288
1033475025,ABOG (OB/GYN),PA,15213,40.4429329993741,-79.9534487762288
1245506534,ABOG (OB/GYN),PA,15213,40.4429329993741,-79.9534487762288
1326482696,ABOG (OB/GYN),PA,15213,40.4429329993741,-79.9534487762288
1790128957,ABOG (OB/GYN),PA,15213,40.4429329993741,-79.9534487762288
1912915786,ABOG (OB/GYN),PA,15213,40.4429329993741,-79.9534487762288
1912971672,ABOG (OB/GYN),PA,15213,40.4429329993741,-79.9534487762288
1952377152,ABOG (OB/GYN),PA,15213,40.4429329993741,-79.9534487762288
1063684520,ABOG (OB/GYN),PA,15224,40.4673651829325,-79.9462315016332
1699756577,ABOG (OB/GYN),PA,15224,40.4673651829325,-79.9462315016332
1063404556,ABOG (OB/GYN),WV,15401,39.8991223609884,-79.7496704615888
1750311015,ABOG (OB/GYN),PA,15445,39.8734353200465,-79.6576670713019
1568783306,ABOG (OB/GYN),PA,16502,42.1107307289423,-80.1012377742582
1578621611,ABOG (OB/GYN),OH,16507,42.1357583208989,-80.0874381875539
1114986817,ABOG (OB/GYN),MD,16870,40.8015053383299,-78.0497147399097
1124012125,ABOG (OB/GYN),PA,17011,40.2350754229312,-76.9292981223379
1851337851,ABOG (OB/GYN),PA,17015,40.1838965159637,-77.2323764509796
1689849226,ABOG (OB/GYN),MD,17033,40.2682843682119,-76.627509934637
1730447145,ABOG (OB/GYN),PA,17033,40.2682843682119,-76.627509934637
1831153915,ABOG (OB/GYN),PA,17033,40.2682843682119,-76.627509934637
1538261029,ABOG (OB/GYN),NY,17402,39.958017586328,-76.6604208569693
1316125982,ABOG (OB/GYN),PA,17403,39.9214103327485,-76.7127753109401
1841234580,ABOG (OB/GYN),PA,17403,39.9214103327485,-76.7127753109401
1841286242,ABOG (OB/GYN),NY,17403,39.9214103327485,-76.7127753109401
1568808566,ABOG (OB/GYN),PA,17522,40.1749782825477,-76.1700768027196
1174780381,ABOG (OB/GYN),PA,17601,40.0729673170524,-76.3145604194275
1295981116,ABOG (OB/GYN),PA,17601,40.0729673170524,-76.3145604194275
1356558050,ABOG (OB/GYN),VA,17822,40.9687846860546,-76.603447116945
1598728081,ABOG (OB/GYN),MA,17822,40.9687846860546,-76.603447116945
1962419788,ABOG (OB/GYN),PA,17822,40.9687846860546,-76.603447116945
1003243361,ABOG (OB/GYN),NJ,18017,40.6606904383782,-75.38738622715
1114226396,ABOG (OB/GYN),PA,18017,40.6606904383782,-75.38738622715
1093765919,ABOG (OB/GYN),PA,18018,40.6276606724835,-75.3953819564292
1669414488,ABOG (OB/GYN),PA,18103,40.572229179614,-75.4813850220112
1699701623,ABOG (OB/GYN),PA,18103,40.572229179614,-75.4813850220112
1669419198,ABOG (OB/GYN),PA,18360,40.9725570080736,-75.2855828393513
1205824224,ABOG (OB/GYN),PA,18702,41.2140542000126,-75.7692359340272
1255398079,ABOG (OB/GYN),PA,18840,41.9743655843914,-76.5296882556771
1538193156,ABOG (OB/GYN),PA,18940,40.2634942208375,-74.9482865936422
1083730352,ABOG (OB/GYN),PA,19063,39.9224768151448,-75.4141931323689
1881605897,ABOG (OB/GYN),PA,19063,39.9224768151448,-75.4141931323689
1568808707,ABU (urology),NJ,19104,39.9589138783365,-75.1983597132961
1285869784,ABOG (OB/GYN),MN,19104,39.9589138783365,-75.1983597132961
1740346725,ABOG (OB/GYN),PA,19104,39.9589138783365,-75.1983597132961
1023307386,ABU (urology),PA,19107,39.9518068979305,-75.1586327210492
1518227867,ABU (urology),PA,19107,39.9518068979305,-75.1586327210492
1740209493,ABU (urology),PA,19107,39.9518068979305,-75.1586327210492
1760631477,ABU (urology),PA,19107,39.9518068979305,-75.1586327210492
1508064213,ABOG (OB/GYN),PA,19107,39.9518068979305,-75.1586327210492
1528091410,ABOG (OB/GYN),PA,19107,39.9518068979305,-75.1586327210492
1780612804,ABOG (OB/GYN),PA,19107,39.9518068979305,-75.1586327210492
1992716419,ABOG (OB/GYN),PA,19107,39.9518068979305,-75.1586327210492
1114156692,ABU (urology),PA,19111,40.0606435794244,-75.0801931832105
1346236536,ABOG (OB/GYN),PA,19140,40.0122359214111,-75.1451227831214
1083875652,ABOG (OB/GYN),NV,19141,40.0378779209286,-75.1454060195394
1780096370,ABOG (OB/GYN),PA,19406,40.0946754424269,-75.3840118298619
1952447997,ABOG (OB/GYN),PA,19406,40.0946754424269,-75.3840118298619
1619123825,ABOG (OB/GYN),PA,19446,40.2306862373892,-75.3036705055395
1538401260,ABOG (OB/GYN),PA,19611,40.3247284539541,-75.9411022550438
1043316912,ABOG (OB/GYN),PA,19713,39.6709796247655,-75.7096535065064
1184705501,ABOG (OB/GYN),DE,19713,39.6709796247655,-75.7096535065064
1538184791,ABOG (OB/GYN),PA,19713,39.6709796247655,-75.7096535065064
1538246152,ABOG (OB/GYN),WA,19713,39.6709796247655,-75.7096535065064
1982760872,ABOG (OB/GYN),PA,19713,39.6709796247655,-75.7096535065064
1447226337,ABU (urology),DE,19963,38.933444696059,-75.3779565249258
1366718504,ABU (urology),DC,20007,38.9126015718777,-77.077585175049
1417184441,ABU (urology),DC,20007,38.9126015718777,-77.077585175049
1750542429,ABU (urology),DC,20010,38.9325506647119,-77.031276485764
1346408994,ABOG (OB/GYN),NC,20010,38.9325506647119,-77.031276485764
1669761342,ABOG (OB/GYN),NY,20010,38.9325506647119,-77.031276485764
1720249543,ABOG (OB/GYN),MA,20010,38.9325506647119,-77.031276485764
1730153743,ABOG (OB/GYN),DC,20010,38.9325506647119,-77.031276485764
1770553919,ABOG (OB/GYN),MD,20010,38.9325506647119,-77.031276485764
1457459778,ABU (urology),DC,20017,38.9381238199769,-76.9929074414015
1881213999,ABOG (OB/GYN),FL,20037,38.8921543300431,-77.0535161494396
1962793604,ABOG (OB/GYN),VA,20037,38.8921543300431,-77.0535161494396
1700273307,ABOG (OB/GYN),VA,20176,39.1814361267731,-77.534496204231
1497749907,ABOG (OB/GYN),VA,20190,38.9596829725034,-77.3380741591289
1538182571,ABOG (OB/GYN),MD,20735,38.7503338765076,-76.9056777747156
1255360624,ABOG (OB/GYN),MD,20815,38.9836897865121,-77.0784504279093
1033181300,ABOG (OB/GYN),MD,20889,39.0019306012825,-77.0903755199332
1780656629,ABOG (OB/GYN),NV,20889,39.0019306012825,-77.0903755199332
1841225133,ABOG (OB/GYN),MD,20889,39.0019306012825,-77.0903755199332
1174695647,ABOG (OB/GYN),MD,20902,39.0438042749381,-77.0420883890542
1447222088,ABOG (OB/GYN),MD,20902,39.0438042749381,-77.0420883890542
1790280352,ABOG (OB/GYN),VA,21061,39.1611483187084,-76.6322458979168
1336467414,ABU (urology),"",21076,39.1685616442703,-76.7223876571684
1407819642,ABU (urology),MD,21093,39.4377361683773,-76.6431589272589
1184736514,ABOG (OB/GYN),MD,21093,39.4377361683773,-76.6431589272589
1790012672,ABOG (OB/GYN),PA,21093,39.4377361683773,-76.6431589272589
1205118296,ABU (urology),MD,21117,39.4271793393439,-76.7779777695025
1093746885,ABOG (OB/GYN),MD,21201,39.2948732864236,-76.6223687208344
1194830505,ABOG (OB/GYN),MD,21201,39.2948732864236,-76.6223687208344
1699093666,ABOG (OB/GYN),MD,21204,39.4035201953108,-76.6302489924933
1831117472,ABOG (OB/GYN),MD,21204,39.4035201953108,-76.6302489924933
1568555258,ABOG (OB/GYN),MD,21215,39.3457812136076,-76.683666921464
1437180205,ABU (urology),MD,21224,39.2830926709358,-76.5408828538172
1851564231,ABU (urology),MD,21224,39.2830926709358,-76.5408828538172
1043268501,ABOG (OB/GYN),MD,21224,39.2830926709358,-76.5408828538172
1578650818,ABOG (OB/GYN),MD,21224,39.2830926709358,-76.5408828538172
1154390714,ABOG (OB/GYN),MD,21229,39.285094823269,-76.6908240448079
1861512592,ABOG (OB/GYN),CA,21239,39.3651716189075,-76.587094625972
1366556185,ABOG (OB/GYN),MD,21401,38.9896785661627,-76.5504823669526
1720059793,ABOG (OB/GYN),MD,21401,38.9896785661627,-76.5504823669526
1790121846,ABOG (OB/GYN),MD,21401,38.9896785661627,-76.5504823669526
1750766796,ABOG (OB/GYN),WA,21502,39.6414171535116,-78.7561056183436
1710094792,ABU (urology),MD,21601,38.7934885992174,-76.0834900358706
1174934624,ABU (urology),MD,21804,38.3171964316777,-75.5367288097688
1609814326,ABOG (OB/GYN),MD,21804,38.3171964316777,-75.5367288097688
1851327001,ABOG (OB/GYN),MA,21811,38.3197653437014,-75.2202396299865
1023043361,ABOG (OB/GYN),VA,22003,38.8307947423665,-77.2140203989523
1194750414,ABOG (OB/GYN),VA,22003,38.8307947423665,-77.2140203989523
1407881790,ABOG (OB/GYN),VA,22003,38.8307947423665,-77.2140203989523
1871704171,ABOG (OB/GYN),MD,22003,38.8307947423665,-77.2140203989523
1477521110,ABOG (OB/GYN),VA,22042,38.8646339057427,-77.1940602184688
1811168966,ABU (urology),VA,22191,38.624950617321,-77.2684654494781
1184685976,ABOG (OB/GYN),VA,22191,38.624950617321,-77.2684654494781
1194996686,ABU (urology),VA,22401,38.2992752489893,-77.4870420256408
1174605091,ABOG (OB/GYN),VA,22601,39.1742911900887,-78.1742959356547
1073908190,ABU (urology),VA,22903,38.0123945185966,-78.6015948843932
1639373269,ABU (urology),VA,22903,38.0123945185966,-78.6015948843932
1548339153,ABOG (OB/GYN),VA,22903,38.0123945185966,-78.6015948843932
1558538751,ABOG (OB/GYN),TN,22903,38.0123945185966,-78.6015948843932
1720344591,ABOG (OB/GYN),VA,22903,38.0123945185966,-78.6015948843932
1467572263,ABOG (OB/GYN),VA,22908,38.0310306114135,-78.4963949902224
1942230040,ABOG (OB/GYN),VA,23113,37.5393480689715,-77.6809222383857
1154539062,ABOG (OB/GYN),VA,23219,37.5407530934774,-77.4348443412355
1528028305,ABOG (OB/GYN),VA,23229,37.5878461684001,-77.5697374139033
1104117357,ABOG (OB/GYN),VA,23233,37.6445592240128,-77.6282180922614
1982022877,ABOG (OB/GYN),VA,23233,37.6445592240128,-77.6282180922614
1427011329,ABU (urology),VA,23235,37.5131331782502,-77.5642408850732
1093911802,ABOG (OB/GYN),VA,23235,37.5131331782502,-77.5642408850732
1174750590,ABOG (OB/GYN),VA,23235,37.5131331782502,-77.5642408850732
1689732422,ABOG (OB/GYN),VA,23235,37.5131331782502,-77.5642408850732
1689873929,ABOG (OB/GYN),VA,23235,37.5131331782502,-77.5642408850732
1316194830,ABOG (OB/GYN),CA,23294,37.6304853616847,-77.5420490347688
1407821291,ABOG (OB/GYN),VA,23320,36.7520879479735,-76.2180566866421
1699736629,ABOG (OB/GYN),VA,23321,36.8006556000967,-76.4218966303675
1497722839,ABOG (OB/GYN),VA,23417,37.7306036872212,-75.7668756618427
1528013620,ABOG (OB/GYN),VA,23435,36.837508415922,-76.4803120891277
1487662748,ABOG (OB/GYN),VA,23452,36.8460304614872,-76.0919676807488
1437181484,ABOG (OB/GYN),VA,23454,36.8321403346591,-76.0261375517327
1336299494,ABU (urology),IL,23462,36.8365931433611,-76.1510340329494
1598743692,ABU (urology),VA,23462,36.8365931433611,-76.1510340329494
1467461038,ABOG (OB/GYN),VA,23507,36.8644563211756,-76.3021519773557
1871584631,ABOG (OB/GYN),VA,23602,37.1151071527773,-76.5162559285793
1750391355,ABOG (OB/GYN),VA,23666,37.0581775223682,-76.4081692999991
1962107185,ABOG (OB/GYN),TX,23708,36.846419691968,-76.3061827778164
1760690440,ABOG (OB/GYN),VA,24013,37.266903745926,-79.9221952060001
1720037773,ABOG (OB/GYN),TN,24211,36.6541258312188,-81.9564544711976
1003898941,ABOG (OB/GYN),VA,24501,37.3556208224524,-79.1561060987056
1245282458,ABU (urology),VA,24541,36.590730527354,-79.5156849959471
1659431096,ABOG (OB/GYN),WV,25309,38.3117659050916,-81.7571730743374
1629037908,ABOG (OB/GYN),WV,25701,38.3680942866536,-82.4112478403806
1821183278,ABU (urology),WV,25702,38.438256574515,-82.333459823266
1275584872,ABOG (OB/GYN),WV,26505,39.6511108673899,-79.9430692812734
1275778680,ABOG (OB/GYN),WV,26506,39.6467734292216,-79.9701036855453
1558376137,ABOG (OB/GYN),AZ,26726,39.4050332559849,-78.9824573168081
1679848592,ABU (urology),QC,27101,36.112048095033,-80.1988893209772
1194721498,ABOG (OB/GYN),NC,27103,36.0582253177182,-80.3212611164728
1427478908,ABOG (OB/GYN),NC,27103,36.0582253177182,-80.3212611164728
1467563593,ABOG (OB/GYN),NC,27103,36.0582253177182,-80.3212611164728
1750657078,ABOG (OB/GYN),NC,27103,36.0582253177182,-80.3212611164728
1346222775,ABU (urology),NC,27403,36.06405908283,-79.8253738175793
1003158809,ABOG (OB/GYN),NC,27405,36.1137132158847,-79.7346305863026
1043522410,ABOG (OB/GYN),MO,27514,35.9677315518576,-79.0440580959156
1841289824,ABOG (OB/GYN),MA,27514,35.9677315518576,-79.0440580959156
1114487873,ABOG (OB/GYN),WA,27518,35.7292312848663,-78.7736276860511
1144318445,ABOG (OB/GYN),NC,27599,35.903902367181,-79.0523839217453
1477675072,ABOG (OB/GYN),NC,27599,35.903902367181,-79.0523839217453
1821388034,ABOG (OB/GYN),NC,27599,35.903902367181,-79.0523839217453
1922269653,ABOG (OB/GYN),OR,27599,35.903902367181,-79.0523839217453
1831124809,ABU (urology),NC,27610,35.7435014291923,-78.5464229967693
1891786091,ABU (urology),NC,27612,35.8503321935001,-78.7038798498871
1104021559,ABOG (OB/GYN),NC,27614,35.947381870496,-78.6205695866754
1891800033,ABU (urology),NY,27704,36.0408820344222,-78.8300675856241
1548204928,ABOG (OB/GYN),NC,27707,35.9546188992014,-78.9545426625052
1669659595,ABOG (OB/GYN),NC,27707,35.9546188992014,-78.9545426625052
1174580393,ABOG (OB/GYN),NC,27834,35.6571068497406,-77.3798036973134
1912926395,ABOG (OB/GYN),OH,27834,35.6571068497406,-77.3798036973134
1184649261,ABOG (OB/GYN),NC,28025,35.3809033607885,-80.5272021094092
1396901773,ABOG (OB/GYN),NC,28025,35.3809033607885,-80.5272021094092
1205129830,ABOG (OB/GYN),NC,28078,35.4054521355384,-80.8663453279682
1669581781,ABOG (OB/GYN),NC,28117,35.5740488752301,-80.8965643176722
1316390099,ABOG (OB/GYN),PA,28203,35.2083175423237,-80.8576968396871
1558655936,ABU (urology),NC,28204,35.2146144151802,-80.8267424402092
1720021637,ABU (urology),NC,28204,35.2146144151802,-80.8267424402092
1255545448,ABOG (OB/GYN),NC,28207,35.1950555310066,-80.8260693298456
1356476303,ABOG (OB/GYN),NC,28207,35.1950555310066,-80.8260693298456
1750380549,ABOG (OB/GYN),NC,28210,35.1296753704349,-80.8548061648864
1285624031,ABOG (OB/GYN),SC,28269,35.3374621451417,-80.802615178047
1134153067,ABOG (OB/GYN),TX,28401,34.2904975812572,-77.9705161391955
1194786897,ABOG (OB/GYN),NC,28403,34.2217723004136,-77.8790138709626
1578520821,ABOG (OB/GYN),NC,28405,34.263870845764,-77.8674191677181
1487628285,ABOG (OB/GYN),NC,28501,35.2382737671524,-77.5265898812588
1548245160,ABOG (OB/GYN),NY,28584,34.726317808471,-77.1000445307926
1295842029,ABOG (OB/GYN),NC,28704,35.4630601435003,-82.5714207277237
1447230404,ABOG (OB/GYN),NC,28792,35.3928831719197,-82.3678718340874
1336340579,ABU (urology),NC,28801,35.5944254455338,-82.5578556326843
1932565702,ABOG (OB/GYN),IL,28801,35.5944254455338,-82.5578556326843
1518931161,ABOG (OB/GYN),NC,28806,35.5715259495594,-82.6138479917068
1538133186,ABOG (OB/GYN),NC,28806,35.5715259495594,-82.6138479917068
1497735757,ABOG (OB/GYN),SC,29169,33.9967052201788,-81.0967541507342
1730157058,ABOG (OB/GYN),SC,29169,33.9967052201788,-81.0967541507342
1437113537,ABOG (OB/GYN),NC,29203,34.101975267825,-81.0400868769859
1962426049,ABOG (OB/GYN),SC,29307,34.9838123264479,-81.8314477932169
1063674133,ABU (urology),SC,29425,32.7851557449161,-79.9482762481914
1841237013,ABU (urology),SC,29425,32.7851557449161,-79.9482762481914
1346446648,ABOG (OB/GYN),SC,29425,32.7851557449161,-79.9482762481914
1447366968,ABOG (OB/GYN),SC,29425,32.7851557449161,-79.9482762481914
1801836747,ABU (urology),SC,29506,34.2102860433364,-79.6442993986437
1801841523,ABU (urology),SC,29526,33.8669584000901,-78.9717925497239
1225125669,ABOG (OB/GYN),NC,29572,33.7680278957095,-78.7927598091881
1770961401,ABOG (OB/GYN),NC,29605,34.7769478330873,-82.3806371592425
1861647927,ABOG (OB/GYN),SC,29605,34.7769478330873,-82.3806371592425
1528379054,ABOG (OB/GYN),SC,29615,34.8559094459872,-82.2955221067443
1518093673,ABOG (OB/GYN),GA,30005,34.0858260955608,-84.2215724736092
1780904896,ABOG (OB/GYN),GA,30005,34.0858260955608,-84.2215724736092
1982730032,ABOG (OB/GYN),GA,30005,34.0858260955608,-84.2215724736092
1548281397,ABU (urology),GA,30024,34.0634010745338,-84.0911463056471
1902823784,ABOG (OB/GYN),GA,30024,34.0634010745338,-84.0911463056471
1447255864,ABOG (OB/GYN),OH,30046,33.9496998836551,-83.9938886274206
1477834398,ABOG (OB/GYN),GA,30046,33.9496998836551,-83.9938886274206
1912936758,ABOG (OB/GYN),GA,30046,33.9496998836551,-83.9938886274206
1821048653,ABOG (OB/GYN),GA,30060,33.9208725499874,-84.542992250945
1255690905,ABU (urology),GA,30076,34.0277860024026,-84.3172421711024
1194081422,ABOG (OB/GYN),GA,30076,34.0277860024026,-84.3172421711024
1619310984,ABOG (OB/GYN),GA,30076,34.0277860024026,-84.3172421711024
1730179805,ABOG (OB/GYN),GA,30078,33.8611848265889,-84.0179712152393
1215035407,ABOG (OB/GYN),GA,30084,33.8545546191854,-84.2165669987332
1407849722,ABOG (OB/GYN),GA,30094,33.6124119890434,-84.0554943952135
1508155268,ABOG (OB/GYN),GA,30094,33.6124119890434,-84.0554943952135
1710976048,ABOG (OB/GYN),GA,30106,33.8347716282494,-84.6294926675776
1033314422,ABOG (OB/GYN),GA,30114,34.2442995365808,-84.5393405667324
1821105073,ABOG (OB/GYN),GA,30114,34.2442995365808,-84.5393405667324
1194787408,ABU (urology),"",30117,33.581099141992,-85.1319792602413
1366451478,ABOG (OB/GYN),GA,30141,33.8624352086612,-84.7752226045929
1043250269,ABOG (OB/GYN),GA,30189,34.1283603006544,-84.5714668098197
1215316658,ABU (urology),GA,30265,33.4164693860751,-84.7075058867175
1275737066,ABU (urology),GA,30281,33.5633841246851,-84.1961272088284
1447418843,ABOG (OB/GYN),GA,30309,33.7979978099007,-84.3877386285087
1710140124,ABU (urology),TN,30322,33.7947963248075,-84.3253909085995
1033264098,ABOG (OB/GYN),GA,30322,33.7947963248075,-84.3253909085995
1154329613,ABU (urology),GA,30324,33.8195652408493,-84.3571907641013
1710955141,ABOG (OB/GYN),GA,30331,33.7062630359373,-84.5444048350545
1205152154,ABOG (OB/GYN),GA,30501,34.3184729108397,-83.8163394420992
1851471486,ABOG (OB/GYN),GA,30501,34.3184729108397,-83.8163394420992
1174628127,ABU (urology),GA,30677,33.7928507455287,-83.3818164035429
1235173964,ABOG (OB/GYN),GA,30677,33.7928507455287,-83.3818164035429
1760023642,ABOG (OB/GYN),ME,30909,33.4706338663938,-82.0838270920579
1912063728,ABOG (OB/GYN),GA,30912,33.470207891624,-81.9878879843026
1528328556,ABOG (OB/GYN),GA,31201,32.8143311346069,-83.6184400701157
1538213111,ABOG (OB/GYN),GA,31405,32.0392056006897,-81.1735167262144
1578592135,ABOG (OB/GYN),GA,31405,32.0392056006897,-81.1735167262144
1467427633,ABOG (OB/GYN),FL,32081,30.1214164148759,-81.4209022660428
1639148331,ABOG (OB/GYN),FL,32163,28.8187843824759,-81.9866346325716
1720001852,ABOG (OB/GYN),FL,32174,29.2892648102765,-81.1644871298541
1770604548,ABU (urology),FL,32204,30.3163540556937,-81.6809458261606
1467424093,ABU (urology),FL,32209,30.3614062282389,-81.6957219424
1114120490,ABOG (OB/GYN),IL,32209,30.3614062282389,-81.6957219424
1306916580,ABOG (OB/GYN),FL,32216,30.2789072529782,-81.5830508145769
1982694782,ABU (urology),FL,32224,30.2681415778477,-81.4641982007004
1215340336,ABOG (OB/GYN),FL,32224,30.2681415778477,-81.4641982007004
1881856797,ABOG (OB/GYN),OH,32224,30.2681415778477,-81.4641982007004
1174518401,ABOG (OB/GYN),FL,32250,30.2783413418202,-81.4104401725432
1053350199,ABOG (OB/GYN),FL,32308,30.4781184167169,-84.2196368180619
1386621837,ABOG (OB/GYN),OR,32401,30.1447718638974,-85.6744809973672
1972700565,ABU (urology),FL,32501,30.4282618397287,-87.2227643702616
1013178227,ABU (urology),FL,32503,30.4602150409974,-87.213709592078
1447236906,ABOG (OB/GYN),VA,32504,30.484947730155,-87.1909307767104
1295785913,ABOG (OB/GYN),AZ,32514,30.5320966825924,-87.2223360660466
1285636779,ABOG (OB/GYN),FL,32541,30.3966640569976,-86.4748536057425
1114074101,ABOG (OB/GYN),FL,32605,29.6765944952649,-82.3735070383305
1194764613,ABU (urology),FL,32610,29.6407404662161,-82.3433057103219
1548847700,ABOG (OB/GYN),MD,32610,29.6407404662161,-82.3433057103219
1649536731,ABOG (OB/GYN),FL,32610,29.6407404662161,-82.3433057103219
1386633428,ABOG (OB/GYN),FL,32765,28.6673044900893,-81.2003308631231
1336300300,ABOG (OB/GYN),OH,32789,28.5997694790327,-81.352348658931
1982690665,ABU (urology),FL,32803,28.5559223393887,-81.3489464820267
1114125051,ABOG (OB/GYN),FL,32804,28.5768772844249,-81.3974786827841
1619051075,ABOG (OB/GYN),FL,32804,28.5768772844249,-81.3974786827841
1659633972,ABOG (OB/GYN),FL,32804,28.5768772844249,-81.3974786827841
1316033483,ABOG (OB/GYN),NJ,32806,28.5122873226975,-81.3602534873899
1346406345,ABOG (OB/GYN),FL,32806,28.5122873226975,-81.3602534873899
1467666388,ABOG (OB/GYN),CA,32806,28.5122873226975,-81.3602534873899
1548278245,ABOG (OB/GYN),FL,32907,28.0156495943628,-80.6818632854206
1093926396,ABOG (OB/GYN),FL,32940,28.218133078167,-80.7543001826088
1780812586,ABOG (OB/GYN),FL,32940,28.218133078167,-80.7543001826088
1265497663,ABOG (OB/GYN),FL,32952,28.3174615619409,-80.6683119439862
1336216704,ABOG (OB/GYN),FL,32955,28.2941415380216,-80.7752787808736
1477518082,ABU (urology),"",33009,25.9853126362868,-80.1466037208992
1982834032,ABOG (OB/GYN),FL,33009,25.9853126362868,-80.1466037208992
1518229046,ABU (urology),"",33016,25.8936045723196,-80.3318600736778
1134214802,ABOG (OB/GYN),FL,33021,26.0227709703566,-80.1874227984238
1134328495,ABOG (OB/GYN),FL,33021,26.0227709703566,-80.1874227984238
1821028259,ABU (urology),FL,33029,25.9918410573773,-80.4079428211108
1386842136,ABOG (OB/GYN),FL,33073,26.2981782311534,-80.1826955358374
1760758411,ABOG (OB/GYN),FL,33073,26.2981782311534,-80.1826955358374
1801951868,ABOG (OB/GYN),FL,33073,26.2981782311534,-80.1826955358374
1639193923,ABOG (OB/GYN),FL,33101,25.7797648540125,-80.1987656559248
1194086918,ABU (urology),FL,33136,25.7870266345878,-80.2044417263751
1437425246,ABU (urology),FL,33136,25.7870266345878,-80.2044417263751
1215295639,ABU (urology),FL,33137,25.8153821628777,-80.1779847047039
1215141395,ABU (urology),"",33140,25.8160609601528,-80.138948615986
1033174644,ABOG (OB/GYN),FL,33143,25.702548131171,-80.2979218269346
1699926238,ABU (urology),FL,33176,25.6587596649159,-80.3591913005303
1356385918,ABOG (OB/GYN),FL,33176,25.6587596649159,-80.3591913005303
1962499426,ABOG (OB/GYN),FL,33176,25.6587596649159,-80.3591913005303
1780844522,ABOG (OB/GYN),CA,33180,25.961453910687,-80.1415102823266
1174782635,ABOG (OB/GYN),FL,33331,26.0586989204797,-80.3698893889566
1598727034,ABOG (OB/GYN),FL,33331,26.0586989204797,-80.3698893889566
1013350743,ABOG (OB/GYN),FL,33407,26.7584158477302,-80.0919452951504
1861457483,ABOG (OB/GYN),FL,33414,26.6482983090657,-80.2494322986489
1144481615,ABU (urology),FL,33458,26.934764154648,-80.1290569409934
1336582675,ABOG (OB/GYN),FL,33486,26.3472851439626,-80.1144867485133
1841227667,ABU (urology),FL,33511,27.909883623302,-82.2940801827788
1437348422,ABOG (OB/GYN),FL,33542,28.2356175003164,-82.1770765822843
1861455768,ABU (urology),FL,33606,27.9323031044022,-82.4649390713188
1790771657,ABOG (OB/GYN),NY,33606,27.9323031044022,-82.4649390713188
1174536395,ABOG (OB/GYN),FL,33612,28.0507053574488,-82.4509967974978
1417995465,ABOG (OB/GYN),FL,33612,28.0507053574488,-82.4509967974978
1235399130,ABOG (OB/GYN),FL,33614,28.0061901226864,-82.5059776017116
1720069537,ABU (urology),FL,33615,28.0058455877551,-82.58157869068
1063696763,ABOG (OB/GYN),MD,33701,27.7704003932765,-82.635753761924
1295707230,ABOG (OB/GYN),FL,33805,28.0982810931871,-81.9127994030932
1457604738,ABOG (OB/GYN),FL,33812,27.9726140620793,-81.8930346043644
1285664250,ABOG (OB/GYN),TX,33897,28.2808702150147,-81.6953242925318
1225088305,ABU (urology),FL,34110,26.2961913352393,-81.7850553601226
1295786093,ABU (urology),FL,34110,26.2961913352393,-81.7850553601226
1790098333,ABU (urology),FL,34110,26.2961913352393,-81.7850553601226
1477602068,ABU (urology),FL,34134,26.3663375179246,-81.8349717455379
1356347280,ABU (urology),FL,34655,28.2120001882772,-82.6551527814115
1306068978,ABOG (OB/GYN),MI,34744,28.295400813068,-81.3467607264434
1972535698,ABOG (OB/GYN),PA,34994,27.1995696585955,-80.2557084968962
1740324086,ABOG (OB/GYN),AL,35007,33.2174949450818,-86.7930818220422
1033182241,ABU (urology),AL,35209,33.4650684155621,-86.8110394991375
1205957404,ABOG (OB/GYN),AL,35209,33.4650684155621,-86.8110394991375
1770710915,ABOG (OB/GYN),AL,35209,33.4650684155621,-86.8110394991375
1902856735,ABU (urology),AL,35233,33.509159434924,-86.8013191831998
1083649727,ABOG (OB/GYN),AL,35233,33.509159434924,-86.8013191831998
1144244005,ABOG (OB/GYN),AL,35233,33.509159434924,-86.8013191831998
1417007808,ABOG (OB/GYN),NM,35233,33.509159434924,-86.8013191831998
1669001962,ABOG (OB/GYN),FL,35233,33.509159434924,-86.8013191831998
1427404193,ABOG (OB/GYN),CT,35242,33.4236971485805,-86.6707303092453
1568665552,ABOG (OB/GYN),AL,35249,33.5065728462489,-86.8031589960881
1508848540,ABOG (OB/GYN),AL,35801,34.7249724922473,-86.5630403163487
1316106164,ABU (urology),AL,36106,32.3526325279154,-86.2579210428015
1497764104,ABU (urology),"",36117,32.3783103739828,-86.1462695841558
1578586798,ABOG (OB/GYN),AL,36507,30.8588799781609,-87.7418663535829
1043396625,ABOG (OB/GYN),LA,36604,30.6822859418898,-88.0683758628156
1639117526,ABOG (OB/GYN),AL,36604,30.6822859418898,-88.0683758628156
1679558662,ABU (urology),AL,36608,30.6811678143429,-88.2959591792766
1962487934,ABU (urology),AL,36608,30.6811678143429,-88.2959591792766
1124226477,ABOG (OB/GYN),TN,37067,35.9131316067539,-86.7746151918539
1194806323,ABOG (OB/GYN),TN,37067,35.9131316067539,-86.7746151918539
1497966105,ABU (urology),TN,37203,36.1493773798957,-86.7898758557749
1952388977,ABU (urology),TN,37203,36.1493773798957,-86.7898758557749
1174643357,ABOG (OB/GYN),TN,37203,36.1493773798957,-86.7898758557749
1497982003,ABOG (OB/GYN),TN,37203,36.1493773798957,-86.7898758557749
1861488777,ABOG (OB/GYN),TN,37203,36.1493773798957,-86.7898758557749
1740513522,ABOG (OB/GYN),CA,37208,36.1769040051609,-86.8090133300029
1992725147,ABOG (OB/GYN),TN,37208,36.1769040051609,-86.8090133300029
1134545346,ABU (urology),TN,37232,36.1410976804672,-86.802896673508
1669631966,ABU (urology),MD,37232,36.1410976804672,-86.802896673508
1023512373,ABOG (OB/GYN),CA,37232,36.1410976804672,-86.802896673508
1225099377,ABOG (OB/GYN),TN,37232,36.1410976804672,-86.802896673508
1427224013,ABOG (OB/GYN),TX,37232,36.1410976804672,-86.802896673508
1992734792,ABOG (OB/GYN),TN,37232,36.1410976804672,-86.802896673508
1760537484,ABOG (OB/GYN),TN,37380,35.0726133014534,-85.7575115630938
1225263254,ABU (urology),TN,37403,35.0475969894181,-85.2944896425209
1568754901,ABOG (OB/GYN),SD,37403,35.0475969894181,-85.2944896425209
1184186256,ABOG (OB/GYN),FL,37404,35.0282519325527,-85.2733289920228
1881608693,ABOG (OB/GYN),TN,37604,36.299229019956,-82.3830016458494
1225359243,ABU (urology),NC,37620,36.5512748883699,-82.0986974451059
1740283688,ABOG (OB/GYN),TN,37620,36.5512748883699,-82.0986974451059
1407834211,ABOG (OB/GYN),TN,37660,36.5293351568651,-82.5734287897695
1336679174,ABOG (OB/GYN),PA,37920,35.9108444797381,-83.8591041972521
1942437181,ABOG (OB/GYN),TN,37920,35.9108444797381,-83.8591041972521
1952355075,ABOG (OB/GYN),TN,37923,35.9269486252743,-84.0807706196652
1326201567,ABU (urology),TN,38018,35.1378129892555,-89.7664663023834
1528697729,ABOG (OB/GYN),OH,38104,35.1325157586669,-90.0043547736062
1710566187,ABOG (OB/GYN),AL,38104,35.1325157586669,-90.0043547736062
1376568709,ABOG (OB/GYN),TN,38138,35.0847676671448,-89.7992841055059
1801811237,ABOG (OB/GYN),TN,38138,35.0847676671448,-89.7992841055059
1316931462,ABU (urology),TN,38242,36.3076053235901,-88.3324314552037
1922099449,ABOG (OB/GYN),TN,38501,36.2267928377101,-85.5384171817636
1487677514,ABOG (OB/GYN),MS,38801,34.2225552691154,-88.7761958627687
1932318243,ABU (urology),FL,39216,32.3346431996588,-90.1606257241754
1114016144,ABOG (OB/GYN),MS,39232,32.3361522901428,-90.0869052385784
1134328800,ABOG (OB/GYN),LA,39232,32.3361522901428,-90.0869052385784
1790722999,ABOG (OB/GYN),MS,39232,32.3361522901428,-90.0869052385784
1821108200,ABOG (OB/GYN),KY,40202,38.2528434006273,-85.7519657144581
1073958773,ABOG (OB/GYN),KY,40205,38.2231499918258,-85.6827182256837
1346561453,ABOG (OB/GYN),KY,40207,38.2635939050519,-85.6554232177024
1437242062,ABOG (OB/GYN),KY,40207,38.2635939050519,-85.6554232177024
1619185386,ABOG (OB/GYN),KY,40207,38.2635939050519,-85.6554232177024
1811913585,ABOG (OB/GYN),KY,40220,38.2153518360217,-85.6179612120472
1427626613,ABOG (OB/GYN),MS,40353,38.0651228968351,-83.9484882203339
1669537601,ABOG (OB/GYN),VA,40508,38.05004428996,-84.5002074741109
1689619553,ABOG (OB/GYN),FL,40741,37.1335155201972,-84.1164508801174
1770529067,ABU (urology),KY,41017,39.0289379334979,-84.5617546101265
1003182270,ABOG (OB/GYN),KY,41017,39.0289379334979,-84.5617546101265
1982894721,ABOG (OB/GYN),KY,41017,39.0289379334979,-84.5617546101265
1881037323,ABOG (OB/GYN),TX,42367,37.2447855747612,-87.161369178141
1023090073,ABOG (OB/GYN),AR,43055,40.11681441844,-82.3767005446748
1134239262,ABU (urology),OH,43081,40.1106412417165,-82.890818302534
1225268535,ABOG (OB/GYN),OH,43081,40.1106412417165,-82.890818302534
1417290339,ABOG (OB/GYN),OH,43081,40.1106412417165,-82.890818302534
1720353808,ABOG (OB/GYN),CA,43210,40.0048824815746,-83.021818368142
1942507322,ABU (urology),OH,43212,39.9876288867085,-83.0421418045061
1194759548,ABOG (OB/GYN),OH,43214,40.0522955064222,-83.0199582157192
1508041518,ABOG (OB/GYN),OH,43214,40.0522955064222,-83.0199582157192
1831132653,ABOG (OB/GYN),OH,43214,40.0522955064222,-83.0199582157192
1316234867,ABOG (OB/GYN),OH,43221,40.0233303797533,-83.0774208007666
1558367862,ABOG (OB/GYN),OH,43222,39.9610246716342,-83.0358488587162
1942241260,ABU (urology),OH,43230,40.0364822412001,-82.8705596124068
1578600565,ABOG (OB/GYN),OH,43526,41.3133732920231,-84.7302521298671
1245293299,ABU (urology),OH,43606,41.6717845784284,-83.610851843776
1023276565,ABOG (OB/GYN),OH,43606,41.6717845784284,-83.610851843776
1053376764,ABOG (OB/GYN),OH,43701,39.9598388532239,-81.9950528365902
1033400957,ABOG (OB/GYN),OH,44106,41.5061981402013,-81.6067882538169
1790809010,ABOG (OB/GYN),OH,44106,41.5061981402013,-81.6067882538169
1184792525,ABOG (OB/GYN),OH,44109,41.4445672671317,-81.6968056550542
1679689913,ABOG (OB/GYN),OH,44109,41.4445672671317,-81.6968056550542
1568488807,ABOG (OB/GYN),OH,44124,41.4999862753867,-81.4677357677124
1700020138,ABOG (OB/GYN),OH,44136,41.3126436318927,-81.8106393707382
1528200904,ABOG (OB/GYN),OH,44143,41.5535921395414,-81.4751244718662
1487943742,ABOG (OB/GYN),OH,44304,41.0858533585646,-81.5090743071259
1215011184,ABOG (OB/GYN),OH,44320,41.0781804538862,-81.583787832462
1871696674,ABOG (OB/GYN),OH,44515,41.1029066064629,-80.7620069630197
1679557011,ABU (urology),OH,44601,40.919771906878,-81.1277804958853
1467642496,ABU (urology),OH,44691,40.8071241444545,-81.9797002260497
1144640608,ABOG (OB/GYN),OH,45069,39.3421392603745,-84.4105009330758
1245313535,ABOG (OB/GYN),OH,45069,39.3421392603745,-84.4105009330758
1326121534,ABOG (OB/GYN),OH,45069,39.3421392603745,-84.4105009330758
1477675874,ABOG (OB/GYN),OH,45069,39.3421392603745,-84.4105009330758
1528137650,ABOG (OB/GYN),OH,45069,39.3421392603745,-84.4105009330758
1700881653,ABOG (OB/GYN),CA,45121,38.8676586322815,-83.909184963751
1467455881,ABOG (OB/GYN),OH,45209,39.1533760299913,-84.4275645328417
1538388848,ABU (urology),OH,45211,39.1574583512688,-84.5988821658828
1487737698,ABOG (OB/GYN),OH,45211,39.1574583512688,-84.5988821658828
1023248911,ABU (urology),FL,45219,39.1266833269913,-84.5120231061465
1467867119,ABOG (OB/GYN),OH,45219,39.1266833269913,-84.5120231061465
1750348017,ABOG (OB/GYN),OH,45219,39.1266833269913,-84.5120231061465
1912131665,ABOG (OB/GYN),OH,45219,39.1266833269913,-84.5120231061465
1275827719,ABOG (OB/GYN),OH,45230,39.0744576187993,-84.3908265772344
1134115827,ABOG (OB/GYN),OH,45409,39.7233337477035,-84.1903917961025
1851379275,ABOG (OB/GYN),OH,45409,39.7233337477035,-84.1903917961025
1295858355,ABOG (OB/GYN),OH,45415,39.8347271904617,-84.2567937214034
1225223043,ABU (urology),OH,45429,39.6841007195972,-84.1624880166034
1831366889,ABOG (OB/GYN),MD,45459,39.6465799609521,-84.1669168572743
1073505681,ABOG (OB/GYN),OH,45805,40.7297992036531,-84.1624336220823
1013921956,ABOG (OB/GYN),IN,46032,39.9653508958099,-86.1710451653974
1548674971,ABOG (OB/GYN),MO,46032,39.9653508958099,-86.1710451653974
1619981545,ABOG (OB/GYN),IN,46037,39.9607682130049,-85.9444667512318
1013125871,ABU (urology),IN,46202,39.7836295534655,-86.1618811943583
1194475749,ABOG (OB/GYN),GA,46202,39.7836295534655,-86.1618811943583
1336143031,ABOG (OB/GYN),GA,46202,39.7836295534655,-86.1618811943583
1841417110,ABOG (OB/GYN),IN,46204,39.7713396516915,-86.1570305019936
1093966269,ABOG (OB/GYN),IN,46237,39.6724643374915,-86.0758921802434
1336121870,ABOG (OB/GYN),NY,46256,39.9068170170146,-86.0115267710907
1649258856,ABOG (OB/GYN),IN,46260,39.8974641340186,-86.1792757782145
1174503866,ABOG (OB/GYN),IN,46601,41.6706115864919,-86.2520187967985
1386639565,ABOG (OB/GYN),IN,46825,41.1539689500451,-85.1242431140962
1912058041,ABOG (OB/GYN),OH,47374,39.8337143114163,-84.8899761965515
1043577448,ABOG (OB/GYN),MN,47630,37.9561589892878,-87.3556632954838
1154345775,ABOG (OB/GYN),IN,47630,37.9561589892878,-87.3556632954838
1437235645,ABOG (OB/GYN),IN,47630,37.9561589892878,-87.3556632954838
1467417592,ABOG (OB/GYN),MD,48034,42.4968865422896,-83.2910217883855
1285615583,ABU (urology),MI,48073,42.5191867363619,-83.1643602102278
1326067067,ABU (urology),MI,48073,42.5191867363619,-83.1643602102278
1497710982,ABU (urology),MI,48081,42.4955082648974,-82.8991688941521
1073552048,ABOG (OB/GYN),MI,48103,42.2580883394211,-83.8433444570568
1801020920,ABOG (OB/GYN),MI,48103,42.2580883394211,-83.8433444570568
1114361649,ABU (urology),MI,48109,42.2840967317887,-83.7252741083077
1174758262,ABU (urology),MI,48109,42.2840967317887,-83.7252741083077
1194818302,ABOG (OB/GYN),MI,48109,42.2840967317887,-83.7252741083077
1548357395,ABOG (OB/GYN),MI,48109,42.2840967317887,-83.7252741083077
1679669303,ABOG (OB/GYN),MI,48109,42.2840967317887,-83.7252741083077
1760895973,ABOG (OB/GYN),MI,48109,42.2840967317887,-83.7252741083077
1629267042,ABU (urology),MI,48116,42.504294443888,-83.7806987930566
1316205578,ABOG (OB/GYN),WI,48124,42.2982778034366,-83.2479599722909
1932178936,ABOG (OB/GYN),MI,48124,42.2982778034366,-83.2479599722909
1699921775,ABOG (OB/GYN),MI,48201,42.3470517267628,-83.0600779278662
1316688708,ABOG (OB/GYN),CA,48202,42.3746148663629,-83.077643463672
1093742439,ABOG (OB/GYN),MI,48315,42.6725299184524,-82.9963026895575
1326053083,ABOG (OB/GYN),MI,48322,42.5421438595028,-83.3813927475837
1043449275,ABOG (OB/GYN),MI,48334,42.5066219040119,-83.349640661945
1952305765,ABOG (OB/GYN),MI,48334,42.5066219040119,-83.349640661945
1124140405,ABOG (OB/GYN),MI,48532,43.0120245896064,-83.794344732819
1124095278,ABOG (OB/GYN),MI,48823,42.7622476951768,-84.4540770274692
1922111376,ABOG (OB/GYN),MI,48858,43.6148526638103,-84.7957999640742
1972560415,ABU (urology),MI,48864,42.7021492043053,-84.4090232530794
1427254226,ABOG (OB/GYN),MI,49008,42.2633739413154,-85.6152763937889
1326138926,ABU (urology),"",49085,42.0488161379345,-86.4592397663665
1104089986,ABU (urology),MI,49444,43.1767278761092,-86.1989102037467
1164866281,ABOG (OB/GYN),MI,49503,42.962821917758,-85.658728399262
1285892653,ABOG (OB/GYN),MI,49503,42.962821917758,-85.658728399262
1437199411,ABOG (OB/GYN),MI,49503,42.962821917758,-85.658728399262
1295757631,ABOG (OB/GYN),MI,49546,42.9281456720645,-85.5362766573413
1699760223,ABOG (OB/GYN),IA,50023,41.7276688092307,-93.634123464135
1417055641,ABOG (OB/GYN),IA,50314,41.6048951051252,-93.6310226547791
1447229901,ABU (urology),IA,50401,43.1538537881184,-93.2000488049482
1255362265,ABOG (OB/GYN),IA,50401,43.1538537881184,-93.2000488049482
1487654695,ABOG (OB/GYN),IA,51601,40.729352000948,-95.3503845786095
1942629274,ABU (urology),IA,52242,41.6619479373253,-91.5431748038546
1225022486,ABOG (OB/GYN),IA,52242,41.6619479373253,-91.5431748038546
1407168305,ABOG (OB/GYN),IA,52242,41.6619479373253,-91.5431748038546
1487975918,ABOG (OB/GYN),IA,52242,41.6619479373253,-91.5431748038546
1407888647,ABOG (OB/GYN),WI,53022,43.2306111167521,-88.112863009188
1942252762,ABOG (OB/GYN),WI,53045,43.0610013552799,-88.1514607699536
1174597579,ABOG (OB/GYN),WI,53051,43.149035646423,-88.1234723777002
1972602852,ABOG (OB/GYN),WI,53066,43.1144478422955,-88.4906894362105
1063754125,ABOG (OB/GYN),WI,53226,43.0497503020335,-88.042087780288
1528010295,ABOG (OB/GYN),WI,53226,43.0497503020335,-88.042087780288
1750644415,ABOG (OB/GYN),WI,53226,43.0497503020335,-88.042087780288
1699086504,ABOG (OB/GYN),IL,53227,42.9956148686656,-88.0426356738521
1740448828,ABOG (OB/GYN),WI,53227,42.9956148686656,-88.0426356738521
1811156185,ABOG (OB/GYN),WI,53227,42.9956148686656,-88.0426356738521
1851332290,ABU (urology),WI,53715,43.0603806665011,-89.3986168261001
1407477219,ABOG (OB/GYN),KS,53715,43.0603806665011,-89.3986168261001
1568807303,ABOG (OB/GYN),PA,53715,43.0603806665011,-89.3986168261001
1568889756,ABOG (OB/GYN),WI,53715,43.0603806665011,-89.3986168261001
1932399193,ABOG (OB/GYN),WI,53716,43.0650898949844,-89.3145330111284
1275973737,ABU (urology),WI,53792,43.0771435063324,-89.4304282873182
1386795227,ABU (urology),WI,53792,43.0771435063324,-89.4304282873182
1497871792,ABOG (OB/GYN),IL,53792,43.0771435063324,-89.4304282873182
1548279896,ABOG (OB/GYN),WI,53792,43.0771435063324,-89.4304282873182
1659344422,ABOG (OB/GYN),WI,53792,43.0771435063324,-89.4304282873182
1851386213,ABOG (OB/GYN),WI,53916,43.4553602512005,-88.8581381227023
1518046499,ABOG (OB/GYN),WI,54301,44.4819268625123,-88.0202994549873
1962446476,ABU (urology),WI,54401,44.9664273700733,-89.7079034761787
1184617862,ABOG (OB/GYN),WI,54806,46.5479163279386,-90.8506127075349
1639155138,ABOG (OB/GYN),MN,55042,44.9925194729672,-92.8979996244575
1740319003,ABOG (OB/GYN),MO,55066,44.5158337226779,-92.5441041940297
1043403363,ABOG (OB/GYN),MN,55108,44.9809556922117,-93.1748896253821
1821297987,ABOG (OB/GYN),MN,55108,44.9809556922117,-93.1748896253821
1649447368,ABU (urology),MN,55125,44.9199811010266,-92.943876862291
1356640031,ABOG (OB/GYN),MN,55125,44.9199811010266,-92.943876862291
1437142924,ABOG (OB/GYN),MN,55125,44.9199811010266,-92.943876862291
1053321745,ABOG (OB/GYN),MN,55129,44.8942127149203,-92.9063937173358
1164600342,ABOG (OB/GYN),MN,55426,44.9563419340326,-93.3813732562205
1457337685,ABOG (OB/GYN),MN,55426,44.9563419340326,-93.3813732562205
1568574630,ABU (urology),MN,55432,45.0969170571977,-93.2546646171208
1821143645,ABU (urology),MN,55435,44.8734276621903,-93.3347019574672
1083658181,ABOG (OB/GYN),MN,55435,44.8734276621903,-93.3347019574672
1912111592,ABOG (OB/GYN),OR,55454,44.970749252463,-93.2438129442241
1669516852,ABU (urology),MN,55455,44.97452746128,-93.2343516193046
1730341231,ABU (urology),MN,55455,44.97452746128,-93.2343516193046
1952857385,ABOG (OB/GYN),TX,55805,46.8005109873182,-92.0954729644078
1174593644,ABOG (OB/GYN),MN,55904,43.9620202281875,-92.3993058931558
1568672160,ABOG (OB/GYN),IL,55904,43.9620202281875,-92.3993058931558
1891773016,ABU (urology),MN,55905,44.0559486545287,-92.5258867262842
1043421860,ABOG (OB/GYN),MN,55905,44.0559486545287,-92.5258867262842
1285929927,ABOG (OB/GYN),MT,55905,44.0559486545287,-92.5258867262842
1669783619,ABOG (OB/GYN),MN,55905,44.0559486545287,-92.5258867262842
1679550529,ABOG (OB/GYN),MN,55905,44.0559486545287,-92.5258867262842
1902884737,ABOG (OB/GYN),MN,55905,44.0559486545287,-92.5258867262842
1902928153,ABOG (OB/GYN),MN,56001,44.1319205490946,-93.9778728471998
1649259227,ABOG (OB/GYN),SD,57105,43.5212476439671,-96.7358763018996
1780022921,ABU (urology),SD,57108,43.4777691545486,-96.7057212939302
1437487238,ABOG (OB/GYN),MT,59101,45.6300646016715,-108.3645735835
1316364276,ABOG (OB/GYN),MT,59715,45.6926398712178,-110.90658078576
1659328391,ABU (urology),NV,59808,46.9798345524511,-114.064038465257
1639281926,ABU (urology),IL,60010,42.1525235336983,-88.1652008256435
1396992400,ABOG (OB/GYN),IL,60010,42.1525235336983,-88.1652008256435
1073597894,ABOG (OB/GYN),IL,60053,42.0422387839172,-87.7889463462301
1164711537,ABOG (OB/GYN),IL,60068,42.0127586096671,-87.8443458059912
1386654408,ABOG (OB/GYN),IL,60068,42.0127586096671,-87.8443458059912
1669450011,ABOG (OB/GYN),IL,60068,42.0127586096671,-87.8443458059912
1700998366,ABOG (OB/GYN),IL,60068,42.0127586096671,-87.8443458059912
1760718548,ABOG (OB/GYN),IL,60068,42.0127586096671,-87.8443458059912
1265494041,ABOG (OB/GYN),IL,60076,42.0341200351246,-87.7294336807164
1275704256,ABOG (OB/GYN),IL,60076,42.0341200351246,-87.7294336807164
1285733139,ABOG (OB/GYN),IL,60076,42.0341200351246,-87.7294336807164
1841599255,ABOG (OB/GYN),IL,60076,42.0341200351246,-87.7294336807164
1821149238,ABOG (OB/GYN),IL,60085,42.3549769178641,-87.8646820427239
1871569186,ABU (urology),"",60153,41.8798372428256,-87.8438896499462
1053385195,ABOG (OB/GYN),CA,60153,41.8798372428256,-87.8438896499462
1023007887,ABOG (OB/GYN),IL,60175,41.9469568686,-88.3912839247987
1215042205,ABOG (OB/GYN),IL,60194,42.0333954854319,-88.1112482605574
1225055866,ABU (urology),IL,60415,41.7033998549975,-87.7795196455314
1104928498,ABOG (OB/GYN),IL,60451,41.5071619229741,-87.9608781835236
1821087669,ABOG (OB/GYN),IL,60453,41.7141173560662,-87.7527877322932
1720016462,ABU (urology),"",60611,41.8948312147346,-87.6194386207295
1194844019,ABOG (OB/GYN),IL,60611,41.8948312147346,-87.6194386207295
1265871867,ABOG (OB/GYN),PA,60611,41.8948312147346,-87.6194386207295
1346570405,ABOG (OB/GYN),IL,60611,41.8948312147346,-87.6194386207295
1609294438,ABOG (OB/GYN),IL,60611,41.8948312147346,-87.6194386207295
1629042759,ABOG (OB/GYN),IL,60611,41.8948312147346,-87.6194386207295
1700146826,ABOG (OB/GYN),IL,60611,41.8948312147346,-87.6194386207295
1831465806,ABOG (OB/GYN),IL,60611,41.8948312147346,-87.6194386207295
1356667224,ABU (urology),IL,60612,41.8804961991966,-87.6878328533386
1164711107,ABOG (OB/GYN),TX,60612,41.8804961991966,-87.6878328533386
1275823296,ABOG (OB/GYN),IL,60612,41.8804961991966,-87.6878328533386
1467715938,ABOG (OB/GYN),IL,60612,41.8804961991966,-87.6878328533386
1508181140,ABOG (OB/GYN),IL,60612,41.8804961991966,-87.6878328533386
1790702322,ABOG (OB/GYN),MO,60612,41.8804961991966,-87.6878328533386
1881610319,ABOG (OB/GYN),GA,60612,41.8804961991966,-87.6878328533386
1912498874,ABOG (OB/GYN),NH,60612,41.8804961991966,-87.6878328533386
1962068486,ABOG (OB/GYN),MD,60612,41.8804961991966,-87.6878328533386
1982043998,ABOG (OB/GYN),KY,60616,41.8450272350799,-87.6275009138098
1063425965,ABOG (OB/GYN),IL,60625,41.9731825714964,-87.6996325692415
1285880757,ABOG (OB/GYN),IL,60631,41.9947314710423,-87.8130992065215
1184789919,ABU (urology),IN,60637,41.78155746085,-87.6032021270028
1427379221,ABOG (OB/GYN),IL,60637,41.78155746085,-87.6032021270028
1659547859,ABOG (OB/GYN),IL,60637,41.78155746085,-87.6032021270028
1831125749,ABOG (OB/GYN),IL,60637,41.78155746085,-87.6032021270028
1245263169,ABOG (OB/GYN),IL,60638,41.7817448189302,-87.7705726305672
1710963749,ABU (urology),"",60657,41.9396603729035,-87.6549654412172
1407434947,ABOG (OB/GYN),OR,60657,41.9396603729035,-87.6549654412172
1427067990,ABOG (OB/GYN),IL,60657,41.9396603729035,-87.6549654412172
1508899311,ABOG (OB/GYN),IL,60657,41.9396603729035,-87.6549654412172
1093705501,ABU (urology),MO,60936,40.4645530516307,-88.3610162702759
1386601185,ABU (urology),IL,60936,40.4645530516307,-88.3610162702759
1790873016,ABOG (OB/GYN),IL,61107,42.2834462645148,-89.0034994721098
1215916093,ABOG (OB/GYN),IL,61614,40.7587279371937,-89.6048221098786
1003915968,ABOG (OB/GYN),IL,61701,40.4769659641943,-88.9927763048038
1831209584,ABOG (OB/GYN),IL,61701,40.4769659641943,-88.9927763048038
1336147693,ABOG (OB/GYN),IA,62702,39.823774431724,-89.6428765101728
1992770101,ABOG (OB/GYN),IL,62702,39.823774431724,-89.6428765101728
1720074503,ABU (urology),MD,63104,38.6107833850635,-90.212754271574
1215900212,ABOG (OB/GYN),MO,63108,38.6448642070845,-90.2534299091351
1619941879,ABOG (OB/GYN),MO,63108,38.6448642070845,-90.2534299091351
1376676734,ABU (urology),MO,63110,38.625396210248,-90.2664469794822
1568473122,ABOG (OB/GYN),MO,63117,38.6307865828689,-90.3304125264068
1659382216,ABOG (OB/GYN),MO,63117,38.6307865828689,-90.3304125264068
1972899862,ABOG (OB/GYN),MO,63117,38.6307865828689,-90.3304125264068
1144248691,ABOG (OB/GYN),MO,63122,38.5785326425514,-90.4213374273973
1699810507,ABU (urology),MO,63141,38.6575028505025,-90.459044596529
1790802429,ABU (urology),MO,63141,38.6575028505025,-90.459044596529
1629047626,ABOG (OB/GYN),MO,63141,38.6575028505025,-90.459044596529
1659766731,ABOG (OB/GYN),AR,63703,37.2737244715609,-89.5398115021043
1033373436,ABOG (OB/GYN),MO,64063,38.9122417081162,-94.3534038340898
1093705469,ABOG (OB/GYN),MO,64108,39.0841251337936,-94.5844874554545
1831230655,ABOG (OB/GYN),MO,64108,39.0841251337936,-94.5844874554545
1144212424,ABOG (OB/GYN),MO,64111,39.0570672708993,-94.5939331733625
1205836251,ABOG (OB/GYN),KS,64111,39.0570672708993,-94.5939331733625
1851456990,ABOG (OB/GYN),MO,64116,39.1487446001232,-94.5744428886458
1235104787,ABOG (OB/GYN),MO,65201,38.8959383132826,-92.2436475229303
1710243324,ABOG (OB/GYN),MO,65201,38.8959383132826,-92.2436475229303
1871554998,ABOG (OB/GYN),KS,66044,39.0318371559777,-95.2098780269003
1083925127,ABU (urology),KS,66160,39.0557624753886,-94.6096317947138
1386743672,ABU (urology),KS,66160,39.0557624753886,-94.6096317947138
1932462314,ABOG (OB/GYN),KS,66160,39.0557624753886,-94.6096317947138
1295737633,ABOG (OB/GYN),KS,66209,38.8987447551939,-94.6377752353989
1477647154,ABOG (OB/GYN),MO,66209,38.8987447551939,-94.6377752353989
1841481629,ABOG (OB/GYN),KS,66214,38.9635575273047,-94.7139687156686
1497042444,ABOG (OB/GYN),KS,67218,37.6685067586313,-97.2803896646753
1366555369,ABOG (OB/GYN),NE,68022,41.2774086806505,-96.2455870820632
1528220209,ABOG (OB/GYN),NE,68022,41.2774086806505,-96.2455870820632
1093794935,ABU (urology),NE,68025,41.4374475296866,-96.491545812582
1013910280,ABU (urology),NE,68114,41.2631846587408,-96.0520798010789
1316978695,ABOG (OB/GYN),NE,68114,41.2631846587408,-96.0520798010789
1881697944,ABOG (OB/GYN),NE,68114,41.2631846587408,-96.0520798010789
1073620712,ABU (urology),NE,68124,41.2351512200469,-96.0522043752927
1053471433,ABOG (OB/GYN),LA,70001,29.9827216408747,-90.1688134728596
1194756999,ABU (urology),LA,70006,30.0139325782194,-90.1917067751068
1497945901,ABU (urology),"",70006,30.0139325782194,-90.1917067751068
1609296649,ABU (urology),LA,70006,30.0139325782194,-90.1917067751068
1427207281,ABU (urology),"",70112,29.9560770737048,-90.077327632607
1275503229,ABOG (OB/GYN),WV,70115,29.9237537658041,-90.1021795998709
1295721462,ABOG (OB/GYN),LA,70115,29.9237537658041,-90.1021795998709
1164631149,ABU (urology),LA,70121,29.9607966171597,-90.1588090814083
1366475360,ABU (urology),LA,70121,29.9607966171597,-90.1588090814083
1316094295,ABOG (OB/GYN),LA,70121,29.9607966171597,-90.1588090814083
1639127103,ABOG (OB/GYN),FL,70121,29.9607966171597,-90.1588090814083
1114345014,ABOG (OB/GYN),PA,70506,30.1958479475963,-92.0807631380839
1316044605,ABOG (OB/GYN),PA,70508,30.1562695216232,-92.0291398584209
1861490542,ABOG (OB/GYN),LA,70526,30.2104617602803,-92.3794898884601
1477550705,ABU (urology),LA,70810,30.3463671300721,-91.0799769265317
1053316570,ABOG (OB/GYN),LA,71101,32.5061990200019,-93.7482105609339
1730105818,ABU (urology),FL,71103,32.4915208225447,-93.7716913696096
1528257888,ABOG (OB/GYN),OH,71103,32.4915208225447,-93.7716913696096
1205032281,ABOG (OB/GYN),AR,72205,34.7494474189718,-92.3525287731204
1316263866,ABOG (OB/GYN),AR,72205,34.7494474189718,-92.3525287731204
1659348498,ABOG (OB/GYN),AR,72205,34.7494474189718,-92.3525287731204
1891996823,ABOG (OB/GYN),AR,72205,34.7494474189718,-92.3525287731204
1255592952,ABOG (OB/GYN),OK,73013,35.6215129366854,-97.4961482648541
1457532046,ABOG (OB/GYN),OK,73034,35.6987450936357,-97.4266363392754
1922149426,ABOG (OB/GYN),OK,73034,35.6987450936357,-97.4266363392754
1932177185,ABU (urology),OK,73104,35.4750759065767,-97.5038003304531
1568881753,ABOG (OB/GYN),OK,73104,35.4750759065767,-97.5038003304531
1124255922,ABOG (OB/GYN),OK,73114,35.5791573749526,-97.5178359823365
1093752925,ABOG (OB/GYN),OK,73117,35.4747375488721,-97.4596140356879
1134331671,ABOG (OB/GYN),OK,73120,35.5804919419866,-97.5724799375675
1518925692,ABOG (OB/GYN),OK,74135,36.0972275110179,-95.9231668136956
1780818575,ABOG (OB/GYN),OK,74135,36.0972275110179,-95.9231668136956
1184818551,ABU (urology),OK,74146,36.0978505331067,-95.8534479291262
1558382028,ABU (urology),OK,74146,36.0978505331067,-95.8534479291262
1912978511,ABU (urology),"",74146,36.0978505331067,-95.8534479291262
1831185941,ABU (urology),TX,75028,33.0338170196855,-97.0628971756519
1306161112,ABOG (OB/GYN),TX,75061,32.8260759502778,-96.9656335493087
1902122443,ABOG (OB/GYN),CA,75075,33.0216269243301,-96.7404351780112
1346233848,ABOG (OB/GYN),TX,75090,33.6053808612315,-96.546561956298
1730379934,ABOG (OB/GYN),TX,75093,33.0352303088356,-96.809462962626
1861502627,ABOG (OB/GYN),TX,75093,33.0352303088356,-96.809462962626
1225053622,ABOG (OB/GYN),TX,75204,32.8021631612707,-96.7888437255713
1346273034,ABOG (OB/GYN),TX,75204,32.8021631612707,-96.7888437255713
1629177449,ABOG (OB/GYN),CA,75205,32.8365717844475,-96.7961704887348
1366545873,ABU (urology),TX,75231,32.8769636728334,-96.7496688535221
1699118687,ABU (urology),TX,75235,32.8321857043932,-96.847974571109
1912092156,ABOG (OB/GYN),MS,75243,32.9123232668124,-96.736323709837
1174815880,ABOG (OB/GYN),TX,75251,32.9198287409036,-96.7730941320353
1053425942,ABOG (OB/GYN),TX,75390,32.8140045432134,-96.8428282927568
1134186539,ABOG (OB/GYN),TX,75390,32.8140045432134,-96.8428282927568
1467418855,ABOG (OB/GYN),TX,75390,32.8140045432134,-96.8428282927568
1720044209,ABOG (OB/GYN),TX,75390,32.8140045432134,-96.8428282927568
1730146101,ABOG (OB/GYN),TX,75390,32.8140045432134,-96.8428282927568
1841582517,ABOG (OB/GYN),TX,75390,32.8140045432134,-96.8428282927568
1538170261,ABOG (OB/GYN),TX,75402,33.0672415084251,-96.0857608538045
1780658112,ABU (urology),TX,75601,32.5086036338161,-94.7241634139188
1548369424,ABOG (OB/GYN),TX,75701,32.3229676802782,-95.2967896962102
1093854028,ABU (urology),"",76017,32.6622258966214,-97.1623672225783
1942297569,ABU (urology),TX,76017,32.6622258966214,-97.1623672225783
1780655175,ABOG (OB/GYN),TX,76017,32.6622258966214,-97.1623672225783
1184685299,ABOG (OB/GYN),MO,76092,32.9556163802833,-97.1487898997263
1588695654,ABU (urology),"",76104,32.7284814029101,-97.3181861871765
1790001360,ABOG (OB/GYN),TX,76104,32.7284814029101,-97.3181861871765
1255534285,ABOG (OB/GYN),TX,76107,32.7417622357113,-97.3820211198188
1891769022,ABU (urology),TX,76132,32.6674309788282,-97.4182733037168
1821159856,ABOG (OB/GYN),IL,76712,31.5240910395589,-97.2551267950283
1013085174,ABOG (OB/GYN),TX,77024,29.7707289227667,-95.5086920218412
1881853877,ABU (urology),TX,77025,29.685794085096,-95.4351094502303
1609801026,ABOG (OB/GYN),TX,77026,29.8001285673844,-95.32934492778
1417980525,ABU (urology),TX,77030,29.7059734834034,-95.4025336420008
1467878314,ABU (urology),TX,77030,29.7059734834034,-95.4025336420008
1528160132,ABU (urology),TX,77030,29.7059734834034,-95.4025336420008
1629020292,ABU (urology),TX,77030,29.7059734834034,-95.4025336420008
1245677582,ABOG (OB/GYN),TX,77030,29.7059734834034,-95.4025336420008
1346265725,ABOG (OB/GYN),TX,77030,29.7059734834034,-95.4025336420008
1366527392,ABOG (OB/GYN),TX,77030,29.7059734834034,-95.4025336420008
1447283114,ABOG (OB/GYN),TX,77030,29.7059734834034,-95.4025336420008
1578711495,ABOG (OB/GYN),TX,77030,29.7059734834034,-95.4025336420008
1003818394,ABOG (OB/GYN),TX,77054,29.681029320559,-95.4042223915737
1093768145,ABOG (OB/GYN),TX,77054,29.681029320559,-95.4042223915737
1639171903,ABOG (OB/GYN),TX,77054,29.681029320559,-95.4042223915737
1972770105,ABOG (OB/GYN),TX,77054,29.681029320559,-95.4042223915737
1659613818,ABOG (OB/GYN),IN,77070,29.9778233844014,-95.5737463474594
1962653279,ABOG (OB/GYN),TX,77070,29.9778233844014,-95.5737463474594
1902893654,ABU (urology),TX,77094,29.7737955370107,-95.6995909982002
1609803006,ABOG (OB/GYN),TX,77380,30.13649446877,-95.4686340615346
1275717431,ABOG (OB/GYN),TX,77401,29.7039839464555,-95.4619223516374
1609842178,ABOG (OB/GYN),TX,77479,29.5650120222025,-95.6345680178591
1508177718,ABOG (OB/GYN),TX,77494,29.745651772397,-95.8230212497059
1235164476,ABOG (OB/GYN),TX,77555,29.3108289849466,-94.7763794328463
1003002627,ABOG (OB/GYN),TX,77566,29.0497098094251,-95.4750964321329
1831517291,ABOG (OB/GYN),TX,77598,29.5376598955858,-95.1371352699078
1235398587,ABOG (OB/GYN),GA,77845,30.5621081945977,-96.2760773381897
1356458426,ABU (urology),TX,78229,29.5055942451354,-98.572610149529
1003047515,ABOG (OB/GYN),TX,78229,29.5055942451354,-98.572610149529
1174726426,ABOG (OB/GYN),TX,78229,29.5055942451354,-98.572610149529
1376642207,ABOG (OB/GYN),TX,78229,29.5055942451354,-98.572610149529
1689665846,ABOG (OB/GYN),TX,78229,29.5055942451354,-98.572610149529
1144665886,ABU (urology),TX,78236,29.3858837520525,-98.6225548486979
1164681987,ABOG (OB/GYN),TX,78258,29.6357386276318,-98.4928299608284
1831208461,ABOG (OB/GYN),TX,78258,29.6357386276318,-98.4928299608284
1225328636,ABOG (OB/GYN),TX,78665,30.5503767740992,-97.6368031545238
1255330064,ABOG (OB/GYN),TX,78666,29.882576576382,-97.9797127134937
1356323448,ABU (urology),TX,78681,30.5354867756233,-97.7198034720161
1265494827,ABOG (OB/GYN),TX,78703,30.2938453582058,-97.7655440038703
1144286014,ABOG (OB/GYN),TX,78705,30.2946991053668,-97.7390022898125
1164642237,ABOG (OB/GYN),TX,78705,30.2946991053668,-97.7390022898125
1386712040,ABU (urology),TX,78758,30.3876712966561,-97.7066478792488
1245379551,ABOG (OB/GYN),TX,78758,30.3876712966561,-97.7066478792488
1225233489,ABOG (OB/GYN),IN,78759,30.4026997832183,-97.7609271202302
1376855312,ABU (urology),TX,79106,35.2036913172801,-101.891774158631
1497999197,ABOG (OB/GYN),TX,79701,31.9923886875453,-102.08103844236
1841280716,ABOG (OB/GYN),TX,79763,31.8076598466378,-102.467455580703
1295922516,ABOG (OB/GYN),TX,79905,31.7666568553711,-106.425208669097
1407090319,ABOG (OB/GYN),TX,79905,31.7666568553711,-106.425208669097
1205818234,ABOG (OB/GYN),TX,79912,31.8483885257256,-106.532716015175
1497834345,ABOG (OB/GYN),TX,79925,31.7985065157169,-106.363267760394
1588714596,ABOG (OB/GYN),TX,79925,31.7985065157169,-106.363267760394
1326204207,ABOG (OB/GYN),CO,80016,39.5938989466214,-104.72311751494
1518094549,ABOG (OB/GYN),CO,80026,40.0118582012775,-105.098493230461
1003137936,ABU (urology),CO,80045,39.7470176086227,-104.838427272164
1063433514,ABU (urology),CO,80045,39.7470176086227,-104.838427272164
1144489972,ABOG (OB/GYN),CO,80045,39.7470176086227,-104.838427272164
1518046275,ABOG (OB/GYN),VA,80045,39.7470176086227,-104.838427272164
1750593448,ABOG (OB/GYN),CO,80045,39.7470176086227,-104.838427272164
1841288768,ABOG (OB/GYN),CO,80045,39.7470176086227,-104.838427272164
1568456622,ABOG (OB/GYN),CO,80109,39.3647200080555,-104.900563418545
1841266616,ABOG (OB/GYN),CO,80113,39.6422240251415,-104.961868542627
1669430716,ABOG (OB/GYN),CO,80122,39.580600650608,-104.955727888383
1477651719,ABOG (OB/GYN),CO,80134,39.4828092263938,-104.779533745264
1346355807,ABOG (OB/GYN),CO,80204,39.7347394565252,-105.020686063849
1689603763,ABOG (OB/GYN),CO,80204,39.7347394565252,-105.020686063849
1699882654,ABOG (OB/GYN),CO,80205,39.75892730809,-104.963536673388
1720240104,ABOG (OB/GYN),CO,80205,39.75892730809,-104.963536673388
1790997443,ABOG (OB/GYN),CO,80205,39.75892730809,-104.963536673388
1124042346,ABOG (OB/GYN),CO,80210,39.6780930152699,-104.962755067189
1902077332,ABU (urology),CO,80211,39.7671081885709,-105.020078986249
1932425998,ABU (urology),NC,80211,39.7671081885709,-105.020078986249
1275574329,ABOG (OB/GYN),CO,80218,39.731194116728,-104.970732799937
1669414843,ABOG (OB/GYN),CO,80220,39.7337492251383,-104.916476790426
1598793135,ABOG (OB/GYN),CO,80401,39.716716288865,-105.232881566705
1619974318,ABOG (OB/GYN),CO,80501,40.1647836294848,-105.102062118236
1275747727,ABU (urology),CO,80528,40.4934288118029,-105.000750581201
1396891982,ABU (urology),CA,80528,40.4934288118029,-105.000750581201
1811978281,ABOG (OB/GYN),CO,80538,40.4817376859966,-105.168143632592
1225033996,ABU (urology),CA,81620,39.6148241579691,-106.505541986075
1083783823,ABOG (OB/GYN),NV,83402,43.5300548227736,-112.167852326476
1003086588,ABU (urology),ID,83642,43.5733379087528,-116.401163043287
1922063627,ABU (urology),ID,83702,43.6681939325859,-116.164940796663
1467718932,ABOG (OB/GYN),ID,83712,43.6166273719837,-116.117654333099
1265403463,ABOG (OB/GYN),CA,84096,40.5053890511955,-112.085452833266
1760495055,ABOG (OB/GYN),UT,84103,40.8034024625313,-111.847085983638
1972714954,ABOG (OB/GYN),CA,84403,41.193781065704,-111.903810505946
1275571804,ABOG (OB/GYN),UT,84601,40.2259247880589,-111.695486021868
1356346878,ABU (urology),AZ,85012,33.5071905201617,-112.070235271979
1194717991,ABOG (OB/GYN),AZ,85016,33.5095270186736,-112.030406653529
1225357395,ABOG (OB/GYN),AZ,85016,33.5095270186736,-112.030406653529
1316939101,ABOG (OB/GYN),AZ,85016,33.5095270186736,-112.030406653529
1700934593,ABOG (OB/GYN),AZ,85016,33.5095270186736,-112.030406653529
1568450666,ABU (urology),AZ,85204,33.3966596796357,-111.787852190788
1154388171,ABOG (OB/GYN),AZ,85206,33.3968598941639,-111.717568599796
1487879987,ABOG (OB/GYN),NM,85215,33.5110248949594,-111.580297234018
1689668493,ABOG (OB/GYN),AZ,85215,33.5110248949594,-111.580297234018
1851599724,ABOG (OB/GYN),AZ,85215,33.5110248949594,-111.580297234018
1164661765,ABU (urology),AZ,85259,33.6010296839755,-111.809561950077
1326169699,ABOG (OB/GYN),AZ,85259,33.6010296839755,-111.809561950077
1821243635,ABOG (OB/GYN),AZ,85259,33.6010296839755,-111.809561950077
1992953541,ABOG (OB/GYN),AZ,85259,33.6010296839755,-111.809561950077
1033185301,ABU (urology),AZ,85295,33.3064037646214,-111.738063642072
1417947474,ABOG (OB/GYN),AZ,85306,33.6233293019599,-112.175693261802
1083808265,ABOG (OB/GYN),AZ,85340,33.5179065900605,-112.423611493098
1376774836,ABOG (OB/GYN),TX,85340,33.5179065900605,-112.423611493098
1639321284,ABOG (OB/GYN),AZ,85340,33.5179065900605,-112.423611493098
1881810224,ABOG (OB/GYN),AZ,85381,33.609575290559,-112.23174962389
1942449558,ABOG (OB/GYN),CA,85710,32.2143856173887,-110.823655061257
1063407260,ABU (urology),AZ,85715,32.2489799610436,-110.831173657955
1730150582,ABOG (OB/GYN),AZ,85724,32.2407393753076,-110.945555957751
1164697876,ABOG (OB/GYN),MI,85755,32.4683543696403,-110.98152363148
1922082973,ABOG (OB/GYN),AZ,86045,36.1477196537729,-111.133179199446
1548420383,ABOG (OB/GYN),NM,87106,35.0081684118609,-106.611845858574
1508903881,ABOG (OB/GYN),NM,87109,35.1528304908793,-106.575428635425
1902066020,ABOG (OB/GYN),KY,87112,35.1009165306635,-106.516212122254
1477647840,ABOG (OB/GYN),NM,87124,35.2714553941532,-106.796210621588
1932105301,ABOG (OB/GYN),NM,88210,32.7728696472942,-104.225504223691
1023032638,ABOG (OB/GYN),NV,89106,36.1820904408012,-115.16252123465
1659333615,ABOG (OB/GYN),WA,89106,36.1820904408012,-115.16252123465
1922044395,ABU (urology),NV,89113,36.0601612967794,-115.262356481238
1720173602,ABU (urology),NV,89128,36.1967846858928,-115.264391126979
1659462208,ABOG (OB/GYN),NV,89434,39.5402314973058,-119.533222151587
1124006044,ABOG (OB/GYN),CA,89436,39.6108609407366,-119.698542164508
1215991856,ABOG (OB/GYN),NV,89509,39.496344687297,-119.82726574414
1417375742,ABOG (OB/GYN),NV,89557,39.5424729740536,-119.815827215684
1427293125,ABOG (OB/GYN),CA,90015,34.0393179135821,-118.266254487045
1598813511,ABU (urology),CA,90027,34.1251625950126,-118.290486842416
1851519417,ABU (urology),CA,90027,34.1251625950126,-118.290486842416
1457422347,ABOG (OB/GYN),CA,90027,34.1251625950126,-118.290486842416
1740351642,ABOG (OB/GYN),CA,90027,34.1251625950126,-118.290486842416
1073534525,ABU (urology),CA,90033,34.0511728042631,-118.21164690902
1386870889,ABU (urology),CA,90033,34.0511728042631,-118.21164690902
1750610804,ABU (urology),CA,90033,34.0511728042631,-118.21164690902
1366822025,ABOG (OB/GYN),CA,90033,34.0511728042631,-118.21164690902
1437181369,ABOG (OB/GYN),CA,90033,34.0511728042631,-118.21164690902
1710138045,ABOG (OB/GYN),CA,90033,34.0511728042631,-118.21164690902
1932391885,ABOG (OB/GYN),CA,90033,34.0511728042631,-118.21164690902
1932406394,ABOG (OB/GYN),CA,90033,34.0511728042631,-118.21164690902
1952382756,ABOG (OB/GYN),CA,90033,34.0511728042631,-118.21164690902
1922307123,ABOG (OB/GYN),CA,90039,34.1124220348637,-118.261531210958
1568812360,ABOG (OB/GYN),CA,90048,34.0729283522584,-118.372700597297
1730281593,ABU (urology),"",90089,34.0215796612781,-118.285595874755
1891365078,ABU (urology),"",90089,34.0215796612781,-118.285595874755
1003800806,ABU (urology),CA,90095,34.0712137244406,-118.443342325086
1275822322,ABU (urology),CA,90095,34.0712137244406,-118.443342325086
1477743300,ABU (urology),CA,90095,34.0712137244406,-118.443342325086
1538435276,ABU (urology),CA,90095,34.0712137244406,-118.443342325086
1760610711,ABU (urology),CA,90095,34.0712137244406,-118.443342325086
1770505836,ABU (urology),AZ,90095,34.0712137244406,-118.443342325086
1942321393,ABU (urology),CA,90095,34.0712137244406,-118.443342325086
1780619221,ABOG (OB/GYN),CA,90095,34.0712137244406,-118.443342325086
1588767016,ABOG (OB/GYN),CA,90242,33.9221663085418,-118.141676417232
1376643361,ABOG (OB/GYN),CA,90401,34.0158345127073,-118.492511959477
1336181965,ABU (urology),CA,90404,34.0266529058698,-118.47381079277
1104089655,ABOG (OB/GYN),CA,90404,34.0266529058698,-118.47381079277
1437334232,ABOG (OB/GYN),CA,90502,33.8349709827884,-118.292909375994
1164666228,ABU (urology),CA,90503,33.8408969184885,-118.353816930626
1720240328,ABOG (OB/GYN),CA,90503,33.8408969184885,-118.353816930626
1710039185,ABOG (OB/GYN),CA,90706,33.8880165078881,-118.127094009039
1558420174,ABU (urology),CA,90710,33.7980586011946,-118.299177309616
1316014129,ABOG (OB/GYN),CA,90710,33.7980586011946,-118.299177309616
1750452736,ABOG (OB/GYN),CA,90710,33.7980586011946,-118.299177309616
1104851443,ABOG (OB/GYN),CA,90806,33.8081747988784,-118.177955929797
1275637290,ABOG (OB/GYN),CA,90806,33.8081747988784,-118.177955929797
1376989392,ABOG (OB/GYN),CA,90806,33.8081747988784,-118.177955929797
1740366178,ABOG (OB/GYN),KS,90806,33.8081747988784,-118.177955929797
1912081134,ABOG (OB/GYN),CA,90806,33.8081747988784,-118.177955929797
1447244868,ABOG (OB/GYN),CA,91105,34.1404738331635,-118.167185493666
1952545220,ABOG (OB/GYN),CA,91105,34.1404738331635,-118.167185493666
1265708655,ABOG (OB/GYN),CA,91206,34.1607742813794,-118.213151171024
1871551291,ABU (urology),CA,91307,34.2017725280423,-118.662255964678
1114964202,ABOG (OB/GYN),CA,91320,34.1733833474585,-118.947970360579
1578577664,ABU (urology),CA,91325,34.2363600313407,-118.517759994661
1063611762,ABOG (OB/GYN),CA,91342,34.317788066023,-118.392079765299
1346278587,ABOG (OB/GYN),CA,91344,34.2898920629881,-118.504698359262
1497147805,ABOG (OB/GYN),CA,91355,34.4237938900607,-118.584356785666
1861053159,ABOG (OB/GYN),TX,91355,34.4237938900607,-118.584356785666
1396877387,ABU (urology),CA,91356,34.1550175012266,-118.547576319545
1932154580,ABOG (OB/GYN),CA,91361,34.1401607322019,-118.884021369694
1104859164,ABOG (OB/GYN),CA,91411,34.1785258746051,-118.459561507288
1841685401,ABU (urology),CA,91741,34.1646851148569,-117.831984271715
1740509728,ABOG (OB/GYN),CA,91790,34.0672402444733,-117.937855225518
1518283795,ABU (urology),TX,91801,34.0909382249345,-118.127733899699
1689081275,ABU (urology),CA,91911,32.6068592799168,-117.049870520745
1013931930,ABU (urology),CA,92024,33.0571637130699,-117.256506554757
1679554372,ABOG (OB/GYN),CA,92025,33.0849357075738,-117.029637400698
1033266879,ABOG (OB/GYN),CA,92037,32.8525591458252,-117.251044449973
1255592325,ABOG (OB/GYN),OH,92037,32.8525591458252,-117.251044449973
1396704078,ABOG (OB/GYN),CA,92037,32.8525591458252,-117.251044449973
1518126317,ABOG (OB/GYN),CA,92037,32.8525591458252,-117.251044449973
1750339446,ABOG (OB/GYN),CA,92037,32.8525591458252,-117.251044449973
1528132560,ABOG (OB/GYN),CA,92057,33.2532583266246,-117.287049752303
1114949807,ABU (urology),CA,92103,32.7478222520239,-117.167366123355
1912938499,ABU (urology),CA,92103,32.7478222520239,-117.167366123355
1275678294,ABOG (OB/GYN),CA,92103,32.7478222520239,-117.167366123355
1669405478,ABOG (OB/GYN),CA,92103,32.7478222520239,-117.167366123355
1871519694,ABOG (OB/GYN),CA,92103,32.7478222520239,-117.167366123355
1144377938,ABU (urology),CA,92111,32.806492155023,-117.168968512608
1750439550,ABOG (OB/GYN),CA,92120,32.7952446636541,-117.073152104529
1407800295,ABU (urology),CA,92123,32.8095934740314,-117.134189495598
1184044182,ABOG (OB/GYN),CA,92123,32.8095934740314,-117.134189495598
1043263130,ABOG (OB/GYN),CA,92127,33.0191267583896,-117.123384804001
1205912847,ABOG (OB/GYN),CA,92243,32.7728651225687,-115.600658094159
1205924883,ABOG (OB/GYN),CA,92262,33.8628738764392,-116.557352960074
1447298567,ABU (urology),CA,92270,33.7639858706793,-116.427049910864
1942211552,ABOG (OB/GYN),CA,92307,34.5907459957031,-117.141264650307
1588448518,ABOG (OB/GYN),CA,92324,34.0339979248874,-117.29007353022
1831167162,ABOG (OB/GYN),CA,92324,34.0339979248874,-117.29007353022
1346392719,ABOG (OB/GYN),CA,92335,34.0873388167436,-117.465189844627
1437218146,ABOG (OB/GYN),CA,92335,34.0873388167436,-117.465189844627
1336207844,ABOG (OB/GYN),CA,92350,34.052955320061,-117.261695622301
1447364062,ABOG (OB/GYN),CA,92354,34.0493351402385,-117.251192517583
1831398700,ABOG (OB/GYN),CA,92354,34.0493351402385,-117.251192517583
1235159773,ABU (urology),CA,92505,33.926625350692,-117.49279554854
1891862629,ABOG (OB/GYN),CA,92505,33.926625350692,-117.49279554854
1063464089,ABOG (OB/GYN),IA,92506,33.9347916844507,-117.366888566318
1326016114,ABOG (OB/GYN),CA,92508,33.8903854401981,-117.328204086387
1518263128,ABU (urology),CA,92612,33.6598345671561,-117.824554809339
1164670287,ABU (urology),CA,92618,33.6672918320078,-117.733615556166
1063626893,ABU (urology),CA,92653,33.5927562634956,-117.699933755563
1902846629,ABU (urology),CA,92663,33.6233184023233,-117.9302402089
1386676294,ABOG (OB/GYN),CA,92663,33.6233184023233,-117.9302402089
1497834964,ABOG (OB/GYN),CA,92663,33.6233184023233,-117.9302402089
1952417339,ABOG (OB/GYN),CA,92663,33.6233184023233,-117.9302402089
1629162995,ABOG (OB/GYN),CA,92691,33.6104941478996,-117.666271733298
1679899629,ABOG (OB/GYN),CA,92691,33.6104941478996,-117.666271733298
1952350829,ABU (urology),CA,92705,33.7549661748214,-117.814919338584
1235674177,ABOG (OB/GYN),CA,92801,33.8444112825595,-117.951763748616
1891055075,ABOG (OB/GYN),CA,92806,33.8387829661546,-117.870563841223
1689745598,ABU (urology),CA,92807,33.8500116099638,-117.789389319042
1124176953,ABOG (OB/GYN),CA,92807,33.8500116099638,-117.789389319042
1295802296,ABOG (OB/GYN),CA,92807,33.8500116099638,-117.789389319042
1740351790,ABOG (OB/GYN),CA,92807,33.8500116099638,-117.789389319042
1053310821,ABU (urology),CA,92868,33.7879815822775,-117.876360256158
1386974483,ABU (urology),CA,92868,33.7879815822775,-117.876360256158
1790896157,ABU (urology),"",92868,33.7879815822775,-117.876360256158
1003097692,ABOG (OB/GYN),CA,92868,33.7879815822775,-117.876360256158
1245573039,ABOG (OB/GYN),CA,92868,33.7879815822775,-117.876360256158
1386657039,ABOG (OB/GYN),CA,92868,33.7879815822775,-117.876360256158
1821304882,ABOG (OB/GYN),CA,92868,33.7879815822775,-117.876360256158
1881936862,ABOG (OB/GYN),CA,92868,33.7879815822775,-117.876360256158
1962582098,ABOG (OB/GYN),CA,92868,33.7879815822775,-117.876360256158
1265607204,ABOG (OB/GYN),CA,93003,34.2843222925499,-119.222570779955
1881896850,ABOG (OB/GYN),CA,93003,34.2843222925499,-119.222570779955
1598460818,ABOG (OB/GYN),FL,93291,36.3892935444039,-119.368398225756
1144397035,ABOG (OB/GYN),CA,93301,35.3842768773475,-119.020580240321
1568492759,ABOG (OB/GYN),CA,93301,35.3842768773475,-119.020580240321
1962664409,ABU (urology),"",93454,34.948250984464,-120.234260518161
1245674480,ABU (urology),"",93534,34.7175791987832,-118.150793233124
1134207046,ABOG (OB/GYN),CA,93611,36.8255145538429,-119.681148499155
1124280581,ABOG (OB/GYN),CA,93720,36.8606001847383,-119.76226836838
1790179661,ABOG (OB/GYN),CA,93720,36.8606001847383,-119.76226836838
1215163472,ABOG (OB/GYN),CA,93901,36.6479414636744,-121.630407463909
1447323092,ABOG (OB/GYN),CA,94040,37.3803333810965,-122.085302957795
1922397256,ABOG (OB/GYN),CA,94040,37.3803333810965,-122.085302957795
1972700052,ABOG (OB/GYN),MA,94040,37.3803333810965,-122.085302957795
1407998164,ABOG (OB/GYN),CA,94109,37.7931643674578,-122.421351554536
1912934886,ABOG (OB/GYN),CA,94110,37.7497505428544,-122.41528264806
1134179138,ABOG (OB/GYN),CA,94115,37.7860680415843,-122.437405828561
1477819647,ABOG (OB/GYN),CA,94115,37.7860680415843,-122.437405828561
1538195367,ABOG (OB/GYN),CA,94118,37.7800966484058,-122.461855358726
1891080784,ABOG (OB/GYN),CA,94158,37.7711609609554,-122.391534181497
1245678051,ABU (urology),WI,94305,37.4162350223558,-122.170692847643
1285950329,ABU (urology),CA,94305,37.4162350223558,-122.170692847643
1407983869,ABU (urology),"",94305,37.4162350223558,-122.170692847643
1609063262,ABU (urology),CA,94305,37.4162350223558,-122.170692847643
1750558193,ABU (urology),CA,94305,37.4162350223558,-122.170692847643
1780657171,ABU (urology),CA,94305,37.4162350223558,-122.170692847643
1023151115,ABOG (OB/GYN),CA,94305,37.4162350223558,-122.170692847643
1033347315,ABOG (OB/GYN),CA,94305,37.4162350223558,-122.170692847643
1508911538,ABOG (OB/GYN),CA,94305,37.4162350223558,-122.170692847643
1962660167,ABOG (OB/GYN),CA,94305,37.4162350223558,-122.170692847643
1801974977,ABOG (OB/GYN),CA,94509,37.9921372387862,-121.814204771887
1528143203,ABOG (OB/GYN),CA,94538,37.5065223220126,-121.963600531499
1255508057,ABU (urology),CA,94545,37.629564423462,-122.120468858732
1801974985,ABOG (OB/GYN),CA,94588,37.7379640630499,-121.881832039233
1205914041,ABOG (OB/GYN),CA,94589,38.1416176872891,-122.245956067106
1265427975,ABU (urology),CA,94598,37.8923819395807,-121.982802857045
1891793980,ABU (urology),CA,94598,37.8923819395807,-121.982802857045
1790173292,ABOG (OB/GYN),CA,94598,37.8923819395807,-121.982802857045
1104956408,ABOG (OB/GYN),CA,94609,37.8347653566852,-122.26419482051
1124148937,ABOG (OB/GYN),CA,94611,37.8319142071791,-122.215902515101
1124179841,ABOG (OB/GYN),MN,94611,37.8319142071791,-122.215902515101
1881850568,ABOG (OB/GYN),CA,94611,37.8319142071791,-122.215902515101
1639353279,ABOG (OB/GYN),CA,94904,37.9484161409822,-122.552880947958
1164521035,ABOG (OB/GYN),CA,95032,37.2085925989094,-121.9235643737
1669559597,ABOG (OB/GYN),CA,95051,37.3482978980557,-121.984441911453
1235235870,ABOG (OB/GYN),CA,95128,37.3157757092386,-121.936475959732
1306102520,ABOG (OB/GYN),CA,95128,37.3157757092386,-121.936475959732
1326126145,ABOG (OB/GYN),CA,95210,38.0321502070426,-121.297814766422
1679685374,ABU (urology),CA,95242,38.1320254527743,-121.388740418227
1083033179,ABOG (OB/GYN),OH,95816,38.5755918190238,-121.465458291212
1144205634,ABOG (OB/GYN),CA,95816,38.5755918190238,-121.465458291212
1154555340,ABOG (OB/GYN),CA,95816,38.5755918190238,-121.465458291212
1154631273,ABOG (OB/GYN),CA,95817,38.5505675023452,-121.457133140165
1255636825,ABOG (OB/GYN),PA,95817,38.5505675023452,-121.457133140165
1699714626,ABOG (OB/GYN),CA,95817,38.5505675023452,-121.457133140165
1891779369,ABOG (OB/GYN),CA,95817,38.5505675023452,-121.457133140165
1174601801,ABOG (OB/GYN),CA,95823,38.4747302147765,-121.442652070476
1043502677,ABOG (OB/GYN),CA,95926,39.7457300223673,-121.84396595786
1508022781,ABOG (OB/GYN),CA,97015,45.4147665441562,-122.537676771167
1720070873,ABU (urology),OR,97030,45.508964008465,-122.431383024609
1225103831,ABOG (OB/GYN),CA,97062,45.3682082166547,-122.761701880757
1386955037,ABOG (OB/GYN),OR,97124,45.5708711600662,-122.945857997544
1922110972,ABOG (OB/GYN),WA,97210,45.5495211368311,-122.735478410336
1295927424,ABOG (OB/GYN),OR,97213,45.5377535199824,-122.599564124158
1457300550,ABOG (OB/GYN),OR,97213,45.5377535199824,-122.599564124158
1770865305,ABOG (OB/GYN),CA,97213,45.5377535199824,-122.599564124158
1043207871,ABU (urology),OR,97216,45.5139283707291,-122.558502695165
1346255833,ABOG (OB/GYN),OR,97225,45.5020161249494,-122.769965937738
1881615102,ABOG (OB/GYN),OR,97225,45.5020161249494,-122.769965937738
1508986530,ABU (urology),OR,97239,45.4889283616806,-122.690529825707
1447477864,ABOG (OB/GYN),CO,97239,45.4889283616806,-122.690529825707
1518209840,ABOG (OB/GYN),OR,97239,45.4889283616806,-122.690529825707
1912199134,ABOG (OB/GYN),OR,97239,45.4889283616806,-122.690529825707
1972510808,ABOG (OB/GYN),OR,97239,45.4889283616806,-122.690529825707
1144544248,ABU (urology),OR,97477,44.0586009157953,-123.011251177819
1669575163,ABOG (OB/GYN),WA,98003,47.3059566569154,-122.314646260544
1083730394,ABU (urology),WA,98004,47.6186375340264,-122.205468591358
1639257090,ABU (urology),WA,98004,47.6186375340264,-122.205468591358
1659479830,ABOG (OB/GYN),WA,98004,47.6186375340264,-122.205468591358
1477500544,ABU (urology),WA,98027,47.5038689920532,-122.001724620111
1225086424,ABOG (OB/GYN),WA,98027,47.5038689920532,-122.001724620111
1639157613,ABOG (OB/GYN),WA,98034,47.7161139024406,-122.213281658933
1841274412,ABU (urology),WA,98043,47.792092779107,-122.307583521693
1760775498,ABOG (OB/GYN),WA,98055,47.4477497914031,-122.202053614697
1902895816,ABOG (OB/GYN),WA,98055,47.4477497914031,-122.202053614697
1861464513,ABU (urology),CA,98101,47.6112072448956,-122.33453227047
1376515015,ABU (urology),WA,98104,47.6003719402155,-122.330124656564
1508405549,ABOG (OB/GYN),NY,98107,47.6675788504416,-122.377892294641
1295145571,ABU (urology),"",98112,47.6324241850561,-122.287316850096
1174783427,ABOG (OB/GYN),WA,98122,47.6098554622733,-122.295689782844
1194091074,ABOG (OB/GYN),WA,98122,47.6098554622733,-122.295689782844
1407559438,ABOG (OB/GYN),WI,98122,47.6098554622733,-122.295689782844
1437239423,ABU (urology),WA,98195,47.6546555459872,-122.307523273787
1508854951,ABU (urology),"",98195,47.6546555459872,-122.307523273787
1255419610,ABOG (OB/GYN),WA,98195,47.6546555459872,-122.307523273787
1609080233,ABOG (OB/GYN),VT,98195,47.6546555459872,-122.307523273787
1831394568,ABOG (OB/GYN),WA,98195,47.6546555459872,-122.307523273787
1912087982,ABOG (OB/GYN),WA,98195,47.6546555459872,-122.307523273787
1144488503,ABU (urology),WA,98201,47.9937163558636,-122.185643428313
1083811186,ABOG (OB/GYN),CT,98225,48.7546171911752,-122.503064324349
1861413965,ABOG (OB/GYN),WA,98273,48.4048932405377,-122.367708237476
1467544460,ABOG (OB/GYN),WA,98332,47.3651350356481,-122.598592337198
1396711529,ABOG (OB/GYN),WA,98405,47.2459950188237,-122.472220403677
1720251523,ABOG (OB/GYN),WA,98405,47.2459950188237,-122.472220403677
1679548341,ABOG (OB/GYN),WA,98506,47.1027319326519,-122.87315827353
1265409916,ABOG (OB/GYN),WA,98683,45.602697006441,-122.509834534845
1336351352,ABOG (OB/GYN),OR,98683,45.602697006441,-122.509834534845
1700063187,ABOG (OB/GYN),WA,99201,47.6627274191558,-117.43603485757
1710954375,ABOG (OB/GYN),WA,99352,46.2419886852682,-119.290652807905
